
BMP280_OLED_Display.elf:     file format elf32-avr

Sections:
Idx Name          Size      VMA       LMA       File off  Algn
  0 .data         0000011a  00800100  00001d74  00001e08  2**0
                  CONTENTS, ALLOC, LOAD, DATA
  1 .text         00001d74  00000000  00000000  00000094  2**1
                  CONTENTS, ALLOC, LOAD, READONLY, CODE
  2 .bss          0000001c  0080021a  0080021a  00001f22  2**0
                  ALLOC
  3 .comment      0000005c  00000000  00000000  00001f22  2**0
                  CONTENTS, READONLY
  4 .note.gnu.avr.deviceinfo 0000003c  00000000  00000000  00001f80  2**2
                  CONTENTS, READONLY
  5 .debug_aranges 00000108  00000000  00000000  00001fbc  2**0
                  CONTENTS, READONLY, DEBUGGING
  6 .debug_info   0000185e  00000000  00000000  000020c4  2**0
                  CONTENTS, READONLY, DEBUGGING
  7 .debug_abbrev 00000ac5  00000000  00000000  00003922  2**0
                  CONTENTS, READONLY, DEBUGGING
  8 .debug_line   00000b4d  00000000  00000000  000043e7  2**0
                  CONTENTS, READONLY, DEBUGGING
  9 .debug_frame  000002c4  00000000  00000000  00004f34  2**2
                  CONTENTS, READONLY, DEBUGGING
 10 .debug_str    000005d7  00000000  00000000  000051f8  2**0
                  CONTENTS, READONLY, DEBUGGING
 11 .debug_loc    00000b2f  00000000  00000000  000057cf  2**0
                  CONTENTS, READONLY, DEBUGGING
 12 .debug_ranges 000000c8  00000000  00000000  000062fe  2**0
                  CONTENTS, READONLY, DEBUGGING

Disassembly of section .text:

00000000 <__vectors>:
       0:	0c 94 b1 00 	jmp	0x162	; 0x162 <__ctors_end>
       4:	0c 94 ce 00 	jmp	0x19c	; 0x19c <__bad_interrupt>
       8:	0c 94 ce 00 	jmp	0x19c	; 0x19c <__bad_interrupt>
       c:	0c 94 ce 00 	jmp	0x19c	; 0x19c <__bad_interrupt>
      10:	0c 94 ce 00 	jmp	0x19c	; 0x19c <__bad_interrupt>
      14:	0c 94 ce 00 	jmp	0x19c	; 0x19c <__bad_interrupt>
      18:	0c 94 ce 00 	jmp	0x19c	; 0x19c <__bad_interrupt>
      1c:	0c 94 ce 00 	jmp	0x19c	; 0x19c <__bad_interrupt>
      20:	0c 94 ce 00 	jmp	0x19c	; 0x19c <__bad_interrupt>
      24:	0c 94 ce 00 	jmp	0x19c	; 0x19c <__bad_interrupt>
      28:	0c 94 ce 00 	jmp	0x19c	; 0x19c <__bad_interrupt>
      2c:	0c 94 ce 00 	jmp	0x19c	; 0x19c <__bad_interrupt>
      30:	0c 94 ce 00 	jmp	0x19c	; 0x19c <__bad_interrupt>
      34:	0c 94 ce 00 	jmp	0x19c	; 0x19c <__bad_interrupt>
      38:	0c 94 ce 00 	jmp	0x19c	; 0x19c <__bad_interrupt>
      3c:	0c 94 ce 00 	jmp	0x19c	; 0x19c <__bad_interrupt>
      40:	0c 94 ce 00 	jmp	0x19c	; 0x19c <__bad_interrupt>
      44:	0c 94 ce 00 	jmp	0x19c	; 0x19c <__bad_interrupt>
      48:	0c 94 ce 00 	jmp	0x19c	; 0x19c <__bad_interrupt>
      4c:	0c 94 ce 00 	jmp	0x19c	; 0x19c <__bad_interrupt>
      50:	0c 94 ce 00 	jmp	0x19c	; 0x19c <__bad_interrupt>
      54:	0c 94 ce 00 	jmp	0x19c	; 0x19c <__bad_interrupt>
      58:	0c 94 ce 00 	jmp	0x19c	; 0x19c <__bad_interrupt>
      5c:	0c 94 ce 00 	jmp	0x19c	; 0x19c <__bad_interrupt>
      60:	0c 94 ce 00 	jmp	0x19c	; 0x19c <__bad_interrupt>
      64:	0c 94 ce 00 	jmp	0x19c	; 0x19c <__bad_interrupt>

00000068 <__trampolines_end>:
      68:	00 40       	sbci	r16, 0x00	; 0
      6a:	7a 10       	cpse	r7, r10
      6c:	f3 5a       	subi	r31, 0xA3	; 163
      6e:	00 a0       	ldd	r0, Z+32	; 0x20
      70:	72 4e       	sbci	r23, 0xE2	; 226
      72:	18 09       	sbc	r17, r8
      74:	00 10       	cpse	r0, r0
      76:	a5 d4       	rcall	.+2378   	; 0x9c2 <OLED_data+0x20>
      78:	e8 00       	.word	0x00e8	; ????
      7a:	00 e8       	ldi	r16, 0x80	; 128
      7c:	76 48       	sbci	r23, 0x86	; 134
      7e:	17 00       	.word	0x0017	; ????
      80:	00 e4       	ldi	r16, 0x40	; 64
      82:	0b 54       	subi	r16, 0x4B	; 75
      84:	02 00       	.word	0x0002	; ????
      86:	00 ca       	rjmp	.-3072   	; 0xfffff488 <__eeprom_end+0xff7ef488>
      88:	9a 3b       	cpi	r25, 0xBA	; 186
      8a:	00 00       	nop
      8c:	00 e1       	ldi	r16, 0x10	; 16
      8e:	f5 05       	cpc	r31, r5
      90:	00 00       	nop
      92:	80 96       	adiw	r24, 0x20	; 32
      94:	98 00       	.word	0x0098	; ????
      96:	00 00       	nop
      98:	40 42       	sbci	r20, 0x20	; 32
      9a:	0f 00       	.word	0x000f	; ????
      9c:	00 00       	nop
      9e:	a0 86       	std	Z+8, r10	; 0x08
      a0:	01 00       	.word	0x0001	; ????
      a2:	00 00       	nop
      a4:	10 27       	eor	r17, r16
      a6:	00 00       	nop
      a8:	00 00       	nop
      aa:	e8 03       	fmulsu	r22, r16
      ac:	00 00       	nop
      ae:	00 00       	nop
      b0:	64 00       	.word	0x0064	; ????
      b2:	00 00       	nop
      b4:	00 00       	nop
      b6:	0a 00       	.word	0x000a	; ????
      b8:	00 00       	nop
      ba:	00 00       	nop
      bc:	01 00       	.word	0x0001	; ????
      be:	00 00       	nop
      c0:	00 00       	nop
      c2:	2c 76       	andi	r18, 0x6C	; 108
      c4:	d8 88       	ldd	r13, Y+16	; 0x10
      c6:	dc 67       	ori	r29, 0x7C	; 124
      c8:	4f 08       	sbc	r4, r15
      ca:	23 df       	rcall	.-442    	; 0xffffff12 <__eeprom_end+0xff7eff12>
      cc:	c1 df       	rcall	.-126    	; 0x50 <__SREG__+0x11>
      ce:	ae 59       	subi	r26, 0x9E	; 158
      d0:	e1 b1       	in	r30, 0x01	; 1
      d2:	b7 96       	adiw	r30, 0x27	; 39
      d4:	e5 e3       	ldi	r30, 0x35	; 53
      d6:	e4 53       	subi	r30, 0x34	; 52
      d8:	c6 3a       	cpi	r28, 0xA6	; 166
      da:	e6 51       	subi	r30, 0x16	; 22
      dc:	99 76       	andi	r25, 0x69	; 105
      de:	96 e8       	ldi	r25, 0x86	; 134
      e0:	e6 c2       	rjmp	.+1484   	; 0x6ae <BMP_readPressure+0x1f6>
      e2:	84 26       	eor	r8, r20
      e4:	eb 89       	ldd	r30, Y+19	; 0x13
      e6:	8c 9b       	sbis	0x11, 4	; 17
      e8:	62 ed       	ldi	r22, 0xD2	; 210
      ea:	40 7c       	andi	r20, 0xC0	; 192
      ec:	6f fc       	.word	0xfc6f	; ????
      ee:	ef bc       	out	0x2f, r14	; 47
      f0:	9c 9f       	mul	r25, r28
      f2:	40 f2       	brcs	.-112    	; 0x84 <__trampolines_end+0x1c>
      f4:	ba a5       	ldd	r27, Y+42	; 0x2a
      f6:	6f a5       	ldd	r22, Y+47	; 0x2f
      f8:	f4 90       	lpm	r15, Z
      fa:	05 5a       	subi	r16, 0xA5	; 165
      fc:	2a f7       	brpl	.-54     	; 0xc8 <__trampolines_end+0x60>
      fe:	5c 93       	st	X, r21
     100:	6b 6c       	ori	r22, 0xCB	; 203
     102:	f9 67       	ori	r31, 0x79	; 121
     104:	6d c1       	rjmp	.+730    	; 0x3e0 <BMP_readTemperature+0xd0>
     106:	1b fc       	.word	0xfc1b	; ????
     108:	e0 e4       	ldi	r30, 0x40	; 64
     10a:	0d 47       	sbci	r16, 0x7D	; 125
     10c:	fe f5       	brtc	.+126    	; 0x18c <.do_clear_bss_loop>
     10e:	20 e6       	ldi	r18, 0x60	; 96
     110:	b5 00       	.word	0x00b5	; ????
     112:	d0 ed       	ldi	r29, 0xD0	; 208
     114:	90 2e       	mov	r9, r16
     116:	03 00       	.word	0x0003	; ????
     118:	94 35       	cpi	r25, 0x54	; 84
     11a:	77 05       	cpc	r23, r7
     11c:	00 80       	ld	r0, Z
     11e:	84 1e       	adc	r8, r20
     120:	08 00       	.word	0x0008	; ????
     122:	00 20       	and	r0, r0
     124:	4e 0a       	sbc	r4, r30
     126:	00 00       	nop
     128:	00 c8       	rjmp	.-4096   	; 0xfffff12a <__eeprom_end+0xff7ef12a>
     12a:	0c 33       	cpi	r16, 0x3C	; 60
     12c:	33 33       	cpi	r19, 0x33	; 51
     12e:	33 0f       	add	r19, r19
     130:	98 6e       	ori	r25, 0xE8	; 232
     132:	12 83       	std	Z+2, r17	; 0x02
     134:	11 41       	sbci	r17, 0x11	; 17
     136:	ef 8d       	ldd	r30, Y+31	; 0x1f
     138:	21 14       	cp	r2, r1
     13a:	89 3b       	cpi	r24, 0xB9	; 185
     13c:	e6 55       	subi	r30, 0x56	; 86
     13e:	16 cf       	rjmp	.-468    	; 0xffffff6c <__eeprom_end+0xff7eff6c>
     140:	fe e6       	ldi	r31, 0x6E	; 110
     142:	db 18       	sub	r13, r11
     144:	d1 84       	ldd	r13, Z+9	; 0x09
     146:	4b 38       	cpi	r20, 0x8B	; 139
     148:	1b f7       	brvc	.-58     	; 0x110 <__trampolines_end+0xa8>
     14a:	7c 1d       	adc	r23, r12
     14c:	90 1d       	adc	r25, r0
     14e:	a4 bb       	out	0x14, r26	; 20
     150:	e4 24       	eor	r14, r4
     152:	20 32       	cpi	r18, 0x20	; 32
     154:	84 72       	andi	r24, 0x24	; 36
     156:	5e 22       	and	r5, r30
     158:	81 00       	.word	0x0081	; ????
     15a:	c9 f1       	breq	.+114    	; 0x1ce <BMP_read_LE+0x2e>
     15c:	24 ec       	ldi	r18, 0xC4	; 196
     15e:	a1 e5       	ldi	r26, 0x51	; 81
     160:	3d 27       	eor	r19, r29

00000162 <__ctors_end>:
     162:	11 24       	eor	r1, r1
     164:	1f be       	out	0x3f, r1	; 63
     166:	cf ef       	ldi	r28, 0xFF	; 255
     168:	d8 e0       	ldi	r29, 0x08	; 8
     16a:	de bf       	out	0x3e, r29	; 62
     16c:	cd bf       	out	0x3d, r28	; 61

0000016e <__do_copy_data>:
     16e:	12 e0       	ldi	r17, 0x02	; 2
     170:	a0 e0       	ldi	r26, 0x00	; 0
     172:	b1 e0       	ldi	r27, 0x01	; 1
     174:	e4 e7       	ldi	r30, 0x74	; 116
     176:	fd e1       	ldi	r31, 0x1D	; 29
     178:	02 c0       	rjmp	.+4      	; 0x17e <__do_copy_data+0x10>
     17a:	05 90       	lpm	r0, Z+
     17c:	0d 92       	st	X+, r0
     17e:	aa 31       	cpi	r26, 0x1A	; 26
     180:	b1 07       	cpc	r27, r17
     182:	d9 f7       	brne	.-10     	; 0x17a <__do_copy_data+0xc>

00000184 <__do_clear_bss>:
     184:	22 e0       	ldi	r18, 0x02	; 2
     186:	aa e1       	ldi	r26, 0x1A	; 26
     188:	b2 e0       	ldi	r27, 0x02	; 2
     18a:	01 c0       	rjmp	.+2      	; 0x18e <.do_clear_bss_start>

0000018c <.do_clear_bss_loop>:
     18c:	1d 92       	st	X+, r1

0000018e <.do_clear_bss_start>:
     18e:	a6 33       	cpi	r26, 0x36	; 54
     190:	b2 07       	cpc	r27, r18
     192:	e1 f7       	brne	.-8      	; 0x18c <.do_clear_bss_loop>
     194:	0e 94 54 04 	call	0x8a8	; 0x8a8 <main>
     198:	0c 94 b8 0e 	jmp	0x1d70	; 0x1d70 <_exit>

0000019c <__bad_interrupt>:
     19c:	0c 94 00 00 	jmp	0	; 0x0 <__vectors>

000001a0 <BMP_read_LE>:
	I2C_stop();								// Stop communication
	return v;								// Return byte
}

static uint16_t BMP_read_LE(uint8_t reg)
{
     1a0:	cf 93       	push	r28
     1a2:	df 93       	push	r29
     1a4:	c8 2f       	mov	r28, r24
	uint8_t Low, High;
	I2C_start();							// Start I2C communication
     1a6:	0e 94 2a 04 	call	0x854	; 0x854 <I2C_start>
	I2C_write((BMP280_ADDR << 1) | 0);		// Send BMP280 address (write)
     1aa:	8c ee       	ldi	r24, 0xEC	; 236
     1ac:	0e 94 36 04 	call	0x86c	; 0x86c <I2C_write>
	I2C_write(reg);							// Send register address
     1b0:	8c 2f       	mov	r24, r28
     1b2:	0e 94 36 04 	call	0x86c	; 0x86c <I2C_write>
	
	I2C_start();							// Repeated start
     1b6:	0e 94 2a 04 	call	0x854	; 0x854 <I2C_start>
	I2C_write((BMP280_ADDR << 1) | 1);		// Send BMP280 address (read)
     1ba:	8d ee       	ldi	r24, 0xED	; 237
     1bc:	0e 94 36 04 	call	0x86c	; 0x86c <I2C_write>
	Low = I2C_readACK();					// Read LSB (more data to read)
     1c0:	0e 94 40 04 	call	0x880	; 0x880 <I2C_readACK>
     1c4:	c8 2f       	mov	r28, r24
	High = I2C_readNACK();					// Read MSB (stop reading)
     1c6:	0e 94 4a 04 	call	0x894	; 0x894 <I2C_readNACK>
     1ca:	d8 2f       	mov	r29, r24
	I2C_stop();								// Stop communication
     1cc:	0e 94 32 04 	call	0x864	; 0x864 <I2C_stop>
	return ((uint16_t) (High << 8) | Low);	// Combine MSB + LSB
     1d0:	80 e0       	ldi	r24, 0x00	; 0
     1d2:	9d 2f       	mov	r25, r29
}
     1d4:	8c 2b       	or	r24, r28
     1d6:	df 91       	pop	r29
     1d8:	cf 91       	pop	r28
     1da:	08 95       	ret

000001dc <BMP_Write>:
int32_t t_fine;

// ============= I2C Read/Write==================//

static void BMP_Write (uint8_t reg, uint8_t data)
{
     1dc:	cf 93       	push	r28
     1de:	df 93       	push	r29
     1e0:	d8 2f       	mov	r29, r24
     1e2:	c6 2f       	mov	r28, r22
	I2C_start();							// Start  I2C communication
     1e4:	0e 94 2a 04 	call	0x854	; 0x854 <I2C_start>
	I2C_write((BMP280_ADDR << 1) | 0);		// Send BMP280 address (write)
     1e8:	8c ee       	ldi	r24, 0xEC	; 236
     1ea:	0e 94 36 04 	call	0x86c	; 0x86c <I2C_write>
	I2C_write(reg);							// Send which register we want to write
     1ee:	8d 2f       	mov	r24, r29
     1f0:	0e 94 36 04 	call	0x86c	; 0x86c <I2C_write>
	I2C_write(data);						// Send data to that register
     1f4:	8c 2f       	mov	r24, r28
     1f6:	0e 94 36 04 	call	0x86c	; 0x86c <I2C_write>
	I2C_stop();								// Stop communication
     1fa:	0e 94 32 04 	call	0x864	; 0x864 <I2C_stop>
}
     1fe:	df 91       	pop	r29
     200:	cf 91       	pop	r28
     202:	08 95       	ret

00000204 <BMP_read>:

static uint8_t BMP_read (uint8_t reg)
{
     204:	cf 93       	push	r28
     206:	c8 2f       	mov	r28, r24
	uint8_t v;
	I2C_start();							// Start I2C communication
     208:	0e 94 2a 04 	call	0x854	; 0x854 <I2C_start>
	I2C_write((BMP280_ADDR << 1) | 0);		// Send BMP280 address (write)
     20c:	8c ee       	ldi	r24, 0xEC	; 236
     20e:	0e 94 36 04 	call	0x86c	; 0x86c <I2C_write>
	I2C_write(reg);							// Send register address
     212:	8c 2f       	mov	r24, r28
     214:	0e 94 36 04 	call	0x86c	; 0x86c <I2C_write>
	
	I2C_start();							// Repeated start
     218:	0e 94 2a 04 	call	0x854	; 0x854 <I2C_start>
	I2C_write((BMP280_ADDR << 1) | 1);		// Send BMP280 address (read)
     21c:	8d ee       	ldi	r24, 0xED	; 237
     21e:	0e 94 36 04 	call	0x86c	; 0x86c <I2C_write>
	v = I2C_readNACK();						// Read last byte (stop reading)
     222:	0e 94 4a 04 	call	0x894	; 0x894 <I2C_readNACK>
     226:	c8 2f       	mov	r28, r24
	I2C_stop();								// Stop communication
     228:	0e 94 32 04 	call	0x864	; 0x864 <I2C_stop>
	return v;								// Return byte
}
     22c:	8c 2f       	mov	r24, r28
     22e:	cf 91       	pop	r28
     230:	08 95       	ret

00000232 <BMP_readCalibration>:
//====================  Read Calibration ====================//

void BMP_readCalibration(void)
{
	// Read Temperature
	dig_T1 = BMP_read_LE(0x88);				// Temperature 1
     232:	88 e8       	ldi	r24, 0x88	; 136
     234:	0e 94 d0 00 	call	0x1a0	; 0x1a0 <BMP_read_LE>
     238:	90 93 1d 02 	sts	0x021D, r25	; 0x80021d <dig_T1+0x1>
     23c:	80 93 1c 02 	sts	0x021C, r24	; 0x80021c <dig_T1>
	dig_T2 = BMP_read_LE(0x8A);				// Temperature 2
     240:	8a e8       	ldi	r24, 0x8A	; 138
     242:	0e 94 d0 00 	call	0x1a0	; 0x1a0 <BMP_read_LE>
     246:	90 93 1f 02 	sts	0x021F, r25	; 0x80021f <dig_T2+0x1>
     24a:	80 93 1e 02 	sts	0x021E, r24	; 0x80021e <dig_T2>
	dig_T3 = BMP_read_LE(0x8C);				// Temperature 3
     24e:	8c e8       	ldi	r24, 0x8C	; 140
     250:	0e 94 d0 00 	call	0x1a0	; 0x1a0 <BMP_read_LE>
     254:	90 93 2f 02 	sts	0x022F, r25	; 0x80022f <dig_T3+0x1>
     258:	80 93 2e 02 	sts	0x022E, r24	; 0x80022e <dig_T3>
	
	// Read Pressure
	dig_P1 = BMP_read_LE(0x8E);				// Pressure 1
     25c:	8e e8       	ldi	r24, 0x8E	; 142
     25e:	0e 94 d0 00 	call	0x1a0	; 0x1a0 <BMP_read_LE>
     262:	90 93 27 02 	sts	0x0227, r25	; 0x800227 <dig_P1+0x1>
     266:	80 93 26 02 	sts	0x0226, r24	; 0x800226 <dig_P1>
	dig_P2 = BMP_read_LE(0x90);				// Pressure 2
     26a:	80 e9       	ldi	r24, 0x90	; 144
     26c:	0e 94 d0 00 	call	0x1a0	; 0x1a0 <BMP_read_LE>
     270:	90 93 21 02 	sts	0x0221, r25	; 0x800221 <dig_P2+0x1>
     274:	80 93 20 02 	sts	0x0220, r24	; 0x800220 <dig_P2>
	dig_P3 = BMP_read_LE(0x92);				// Pressure 3
     278:	82 e9       	ldi	r24, 0x92	; 146
     27a:	0e 94 d0 00 	call	0x1a0	; 0x1a0 <BMP_read_LE>
     27e:	90 93 29 02 	sts	0x0229, r25	; 0x800229 <dig_P3+0x1>
     282:	80 93 28 02 	sts	0x0228, r24	; 0x800228 <dig_P3>
	dig_P4 = BMP_read_LE(0x94);				// Pressure 4
     286:	84 e9       	ldi	r24, 0x94	; 148
     288:	0e 94 d0 00 	call	0x1a0	; 0x1a0 <BMP_read_LE>
     28c:	90 93 23 02 	sts	0x0223, r25	; 0x800223 <dig_P4+0x1>
     290:	80 93 22 02 	sts	0x0222, r24	; 0x800222 <dig_P4>
	dig_P5 = BMP_read_LE(0x96);				// Pressure 5
     294:	86 e9       	ldi	r24, 0x96	; 150
     296:	0e 94 d0 00 	call	0x1a0	; 0x1a0 <BMP_read_LE>
     29a:	90 93 25 02 	sts	0x0225, r25	; 0x800225 <dig_P5+0x1>
     29e:	80 93 24 02 	sts	0x0224, r24	; 0x800224 <dig_P5>
	dig_P6 = BMP_read_LE(0x98);				// Pressure 6
     2a2:	88 e9       	ldi	r24, 0x98	; 152
     2a4:	0e 94 d0 00 	call	0x1a0	; 0x1a0 <BMP_read_LE>
     2a8:	90 93 31 02 	sts	0x0231, r25	; 0x800231 <dig_P6+0x1>
     2ac:	80 93 30 02 	sts	0x0230, r24	; 0x800230 <dig_P6>
	dig_P7 = BMP_read_LE(0x9A);				// Pressure 7
     2b0:	8a e9       	ldi	r24, 0x9A	; 154
     2b2:	0e 94 d0 00 	call	0x1a0	; 0x1a0 <BMP_read_LE>
     2b6:	90 93 1b 02 	sts	0x021B, r25	; 0x80021b <__data_end+0x1>
     2ba:	80 93 1a 02 	sts	0x021A, r24	; 0x80021a <__data_end>
	dig_P8 = BMP_read_LE(0x9C);				// Pressure 8
     2be:	8c e9       	ldi	r24, 0x9C	; 156
     2c0:	0e 94 d0 00 	call	0x1a0	; 0x1a0 <BMP_read_LE>
     2c4:	90 93 2b 02 	sts	0x022B, r25	; 0x80022b <dig_P8+0x1>
     2c8:	80 93 2a 02 	sts	0x022A, r24	; 0x80022a <dig_P8>
	dig_P9 = BMP_read_LE(0x9E);				// Pressure 9
     2cc:	8e e9       	ldi	r24, 0x9E	; 158
     2ce:	0e 94 d0 00 	call	0x1a0	; 0x1a0 <BMP_read_LE>
     2d2:	90 93 2d 02 	sts	0x022D, r25	; 0x80022d <dig_P9+0x1>
     2d6:	80 93 2c 02 	sts	0x022C, r24	; 0x80022c <dig_P9>
     2da:	08 95       	ret

000002dc <BMP_init>:
	#else
		//round up by default
		__ticks_dc = (uint32_t)(ceil(fabs(__tmp)));
	#endif

	__builtin_avr_delay_cycles(__ticks_dc);
     2dc:	2f ef       	ldi	r18, 0xFF	; 255
     2de:	81 ee       	ldi	r24, 0xE1	; 225
     2e0:	94 e0       	ldi	r25, 0x04	; 4
     2e2:	21 50       	subi	r18, 0x01	; 1
     2e4:	80 40       	sbci	r24, 0x00	; 0
     2e6:	90 40       	sbci	r25, 0x00	; 0
     2e8:	e1 f7       	brne	.-8      	; 0x2e2 <BMP_init+0x6>
     2ea:	00 c0       	rjmp	.+0      	; 0x2ec <BMP_init+0x10>
     2ec:	00 00       	nop

void BMP_init(void)
{
	_delay_ms(100);							// Wait sensor to power up
	
	BMP_readCalibration();					// Read all calibration values
     2ee:	0e 94 19 01 	call	0x232	; 0x232 <BMP_readCalibration>
	BMP_Write(0xF4, 0x27);					// Set measurement control (ctrl_meas(0xF4), Temp/Press oversampling + Normal mode(0x27))
     2f2:	67 e2       	ldi	r22, 0x27	; 39
     2f4:	84 ef       	ldi	r24, 0xF4	; 244
     2f6:	0e 94 ee 00 	call	0x1dc	; 0x1dc <BMP_Write>
	BMP_Write(0xF5, 0xA0);					// Set configuration (config register(0xF5), standby=1000ms, filter=OFF, SPI=OFF(0xA0))
     2fa:	60 ea       	ldi	r22, 0xA0	; 160
     2fc:	85 ef       	ldi	r24, 0xF5	; 245
     2fe:	0e 94 ee 00 	call	0x1dc	; 0x1dc <BMP_Write>
     302:	8f e3       	ldi	r24, 0x3F	; 63
     304:	9c e9       	ldi	r25, 0x9C	; 156
     306:	01 97       	sbiw	r24, 0x01	; 1
     308:	f1 f7       	brne	.-4      	; 0x306 <BMP_init+0x2a>
     30a:	00 c0       	rjmp	.+0      	; 0x30c <BMP_init+0x30>
     30c:	00 00       	nop
     30e:	08 95       	ret

00000310 <BMP_readTemperature>:
	
	_delay_ms(10);							// Allow sensor to apply
}

float BMP_readTemperature(void)
{
     310:	4f 92       	push	r4
     312:	5f 92       	push	r5
     314:	6f 92       	push	r6
     316:	7f 92       	push	r7
     318:	8f 92       	push	r8
     31a:	9f 92       	push	r9
     31c:	af 92       	push	r10
     31e:	bf 92       	push	r11
     320:	cf 92       	push	r12
     322:	df 92       	push	r13
     324:	ef 92       	push	r14
     326:	ff 92       	push	r15
     328:	0f 93       	push	r16
     32a:	1f 93       	push	r17
     32c:	cf 93       	push	r28
	float adc_Tf;
	float var1, var2;
	float T;
	
	// Read raw temperature registers (20-bit)
	msb = BMP_read(0xFA);					// MSB
     32e:	8a ef       	ldi	r24, 0xFA	; 250
     330:	0e 94 02 01 	call	0x204	; 0x204 <BMP_read>
     334:	08 2f       	mov	r16, r24
	lsb = BMP_read(0xFB);					// LSB
     336:	8b ef       	ldi	r24, 0xFB	; 251
     338:	0e 94 02 01 	call	0x204	; 0x204 <BMP_read>
     33c:	c8 2f       	mov	r28, r24
	xlsb= BMP_read(0xFC);					// XLSB
     33e:	8c ef       	ldi	r24, 0xFC	; 252
     340:	0e 94 02 01 	call	0x204	; 0x204 <BMP_read>
	
	adc_T = ((uint32_t) msb << 12) | ((uint32_t) lsb << 4) | ((uint32_t) xlsb >> 4);
     344:	40 2f       	mov	r20, r16
     346:	50 e0       	ldi	r21, 0x00	; 0
     348:	60 e0       	ldi	r22, 0x00	; 0
     34a:	70 e0       	ldi	r23, 0x00	; 0
     34c:	8a 01       	movw	r16, r20
     34e:	9b 01       	movw	r18, r22
     350:	0f 2e       	mov	r0, r31
     352:	fc e0       	ldi	r31, 0x0C	; 12
     354:	00 0f       	add	r16, r16
     356:	11 1f       	adc	r17, r17
     358:	22 1f       	adc	r18, r18
     35a:	33 1f       	adc	r19, r19
     35c:	fa 95       	dec	r31
     35e:	d1 f7       	brne	.-12     	; 0x354 <BMP_readTemperature+0x44>
     360:	f0 2d       	mov	r31, r0
     362:	4c 2f       	mov	r20, r28
     364:	50 e0       	ldi	r21, 0x00	; 0
     366:	60 e0       	ldi	r22, 0x00	; 0
     368:	70 e0       	ldi	r23, 0x00	; 0
     36a:	44 0f       	add	r20, r20
     36c:	55 1f       	adc	r21, r21
     36e:	66 1f       	adc	r22, r22
     370:	77 1f       	adc	r23, r23
     372:	44 0f       	add	r20, r20
     374:	55 1f       	adc	r21, r21
     376:	66 1f       	adc	r22, r22
     378:	77 1f       	adc	r23, r23
     37a:	44 0f       	add	r20, r20
     37c:	55 1f       	adc	r21, r21
     37e:	66 1f       	adc	r22, r22
     380:	77 1f       	adc	r23, r23
     382:	44 0f       	add	r20, r20
     384:	55 1f       	adc	r21, r21
     386:	66 1f       	adc	r22, r22
     388:	77 1f       	adc	r23, r23
     38a:	40 2b       	or	r20, r16
     38c:	51 2b       	or	r21, r17
     38e:	62 2b       	or	r22, r18
     390:	73 2b       	or	r23, r19
     392:	82 95       	swap	r24
     394:	8f 70       	andi	r24, 0x0F	; 15
     396:	8a 01       	movw	r16, r20
     398:	9b 01       	movw	r18, r22
     39a:	08 2b       	or	r16, r24
     39c:	c9 01       	movw	r24, r18
     39e:	b8 01       	movw	r22, r16
	adc_Tf = (float)adc_T;
     3a0:	0e 94 5f 08 	call	0x10be	; 0x10be <__floatsisf>
     3a4:	2b 01       	movw	r4, r22
     3a6:	3c 01       	movw	r6, r24
	
	// Compensation formula from BMP280 Data sheet
	var1 = (((adc_Tf / 16384.0f) - ((float)dig_T1 / 1024.0f)) * (float)dig_T2);
     3a8:	20 e0       	ldi	r18, 0x00	; 0
     3aa:	30 e0       	ldi	r19, 0x00	; 0
     3ac:	40 e8       	ldi	r20, 0x80	; 128
     3ae:	58 e3       	ldi	r21, 0x38	; 56
     3b0:	0e 94 0f 09 	call	0x121e	; 0x121e <__mulsf3>
     3b4:	4b 01       	movw	r8, r22
     3b6:	5c 01       	movw	r10, r24
     3b8:	60 91 1c 02 	lds	r22, 0x021C	; 0x80021c <dig_T1>
     3bc:	70 91 1d 02 	lds	r23, 0x021D	; 0x80021d <dig_T1+0x1>
     3c0:	80 e0       	ldi	r24, 0x00	; 0
     3c2:	90 e0       	ldi	r25, 0x00	; 0
     3c4:	0e 94 5d 08 	call	0x10ba	; 0x10ba <__floatunsisf>
     3c8:	6b 01       	movw	r12, r22
     3ca:	7c 01       	movw	r14, r24
     3cc:	20 e0       	ldi	r18, 0x00	; 0
     3ce:	30 e0       	ldi	r19, 0x00	; 0
     3d0:	40 e8       	ldi	r20, 0x80	; 128
     3d2:	5a e3       	ldi	r21, 0x3A	; 58
     3d4:	0e 94 0f 09 	call	0x121e	; 0x121e <__mulsf3>
     3d8:	9b 01       	movw	r18, r22
     3da:	ac 01       	movw	r20, r24
     3dc:	c5 01       	movw	r24, r10
     3de:	b4 01       	movw	r22, r8
     3e0:	0e 94 43 07 	call	0xe86	; 0xe86 <__subsf3>
     3e4:	4b 01       	movw	r8, r22
     3e6:	5c 01       	movw	r10, r24
     3e8:	60 91 1e 02 	lds	r22, 0x021E	; 0x80021e <dig_T2>
     3ec:	70 91 1f 02 	lds	r23, 0x021F	; 0x80021f <dig_T2+0x1>
     3f0:	07 2e       	mov	r0, r23
     3f2:	00 0c       	add	r0, r0
     3f4:	88 0b       	sbc	r24, r24
     3f6:	99 0b       	sbc	r25, r25
     3f8:	0e 94 5f 08 	call	0x10be	; 0x10be <__floatsisf>
     3fc:	9b 01       	movw	r18, r22
     3fe:	ac 01       	movw	r20, r24
     400:	c5 01       	movw	r24, r10
     402:	b4 01       	movw	r22, r8
     404:	0e 94 0f 09 	call	0x121e	; 0x121e <__mulsf3>
     408:	4b 01       	movw	r8, r22
     40a:	5c 01       	movw	r10, r24
	var2 = ((((adc_Tf / 131072.0f) - ((float)dig_T1 / 8192.0f)) *
     40c:	20 e0       	ldi	r18, 0x00	; 0
     40e:	30 e0       	ldi	r19, 0x00	; 0
     410:	40 e0       	ldi	r20, 0x00	; 0
     412:	57 e3       	ldi	r21, 0x37	; 55
     414:	c3 01       	movw	r24, r6
     416:	b2 01       	movw	r22, r4
     418:	0e 94 0f 09 	call	0x121e	; 0x121e <__mulsf3>
     41c:	2b 01       	movw	r4, r22
     41e:	3c 01       	movw	r6, r24
     420:	20 e0       	ldi	r18, 0x00	; 0
     422:	30 e0       	ldi	r19, 0x00	; 0
     424:	40 e0       	ldi	r20, 0x00	; 0
     426:	59 e3       	ldi	r21, 0x39	; 57
     428:	c7 01       	movw	r24, r14
     42a:	b6 01       	movw	r22, r12
     42c:	0e 94 0f 09 	call	0x121e	; 0x121e <__mulsf3>
     430:	9b 01       	movw	r18, r22
     432:	ac 01       	movw	r20, r24
	((adc_Tf / 131072.0f) - ((float)dig_T1 / 8192.0f))) * (float)dig_T3);
     434:	c3 01       	movw	r24, r6
     436:	b2 01       	movw	r22, r4
     438:	0e 94 43 07 	call	0xe86	; 0xe86 <__subsf3>
	adc_T = ((uint32_t) msb << 12) | ((uint32_t) lsb << 4) | ((uint32_t) xlsb >> 4);
	adc_Tf = (float)adc_T;
	
	// Compensation formula from BMP280 Data sheet
	var1 = (((adc_Tf / 16384.0f) - ((float)dig_T1 / 1024.0f)) * (float)dig_T2);
	var2 = ((((adc_Tf / 131072.0f) - ((float)dig_T1 / 8192.0f)) *
     43c:	9b 01       	movw	r18, r22
     43e:	ac 01       	movw	r20, r24
     440:	0e 94 0f 09 	call	0x121e	; 0x121e <__mulsf3>
     444:	6b 01       	movw	r12, r22
     446:	7c 01       	movw	r14, r24
	((adc_Tf / 131072.0f) - ((float)dig_T1 / 8192.0f))) * (float)dig_T3);
     448:	60 91 2e 02 	lds	r22, 0x022E	; 0x80022e <dig_T3>
     44c:	70 91 2f 02 	lds	r23, 0x022F	; 0x80022f <dig_T3+0x1>
     450:	07 2e       	mov	r0, r23
     452:	00 0c       	add	r0, r0
     454:	88 0b       	sbc	r24, r24
     456:	99 0b       	sbc	r25, r25
     458:	0e 94 5f 08 	call	0x10be	; 0x10be <__floatsisf>
     45c:	9b 01       	movw	r18, r22
     45e:	ac 01       	movw	r20, r24
	adc_T = ((uint32_t) msb << 12) | ((uint32_t) lsb << 4) | ((uint32_t) xlsb >> 4);
	adc_Tf = (float)adc_T;
	
	// Compensation formula from BMP280 Data sheet
	var1 = (((adc_Tf / 16384.0f) - ((float)dig_T1 / 1024.0f)) * (float)dig_T2);
	var2 = ((((adc_Tf / 131072.0f) - ((float)dig_T1 / 8192.0f)) *
     460:	c7 01       	movw	r24, r14
     462:	b6 01       	movw	r22, r12
     464:	0e 94 0f 09 	call	0x121e	; 0x121e <__mulsf3>
     468:	9b 01       	movw	r18, r22
     46a:	ac 01       	movw	r20, r24
	((adc_Tf / 131072.0f) - ((float)dig_T1 / 8192.0f))) * (float)dig_T3);

	t_fine = var1 + var2;
     46c:	c5 01       	movw	r24, r10
     46e:	b4 01       	movw	r22, r8
     470:	0e 94 44 07 	call	0xe88	; 0xe88 <__addsf3>
     474:	0e 94 27 08 	call	0x104e	; 0x104e <__fixsfsi>
     478:	60 93 32 02 	sts	0x0232, r22	; 0x800232 <t_fine>
     47c:	70 93 33 02 	sts	0x0233, r23	; 0x800233 <t_fine+0x1>
     480:	80 93 34 02 	sts	0x0234, r24	; 0x800234 <t_fine+0x2>
     484:	90 93 35 02 	sts	0x0235, r25	; 0x800235 <t_fine+0x3>
	T = t_fine / 5120.0f;     // final temperature in degree Celsius
     488:	0e 94 5f 08 	call	0x10be	; 0x10be <__floatsisf>
     48c:	20 e0       	ldi	r18, 0x00	; 0
     48e:	30 e0       	ldi	r19, 0x00	; 0
     490:	40 ea       	ldi	r20, 0xA0	; 160
     492:	55 e4       	ldi	r21, 0x45	; 69
     494:	0e 94 b5 07 	call	0xf6a	; 0xf6a <__divsf3>
	return T;
}
     498:	cf 91       	pop	r28
     49a:	1f 91       	pop	r17
     49c:	0f 91       	pop	r16
     49e:	ff 90       	pop	r15
     4a0:	ef 90       	pop	r14
     4a2:	df 90       	pop	r13
     4a4:	cf 90       	pop	r12
     4a6:	bf 90       	pop	r11
     4a8:	af 90       	pop	r10
     4aa:	9f 90       	pop	r9
     4ac:	8f 90       	pop	r8
     4ae:	7f 90       	pop	r7
     4b0:	6f 90       	pop	r6
     4b2:	5f 90       	pop	r5
     4b4:	4f 90       	pop	r4
     4b6:	08 95       	ret

000004b8 <BMP_readPressure>:

float BMP_readPressure(void)
{
     4b8:	4f 92       	push	r4
     4ba:	5f 92       	push	r5
     4bc:	6f 92       	push	r6
     4be:	7f 92       	push	r7
     4c0:	8f 92       	push	r8
     4c2:	9f 92       	push	r9
     4c4:	af 92       	push	r10
     4c6:	bf 92       	push	r11
     4c8:	cf 92       	push	r12
     4ca:	df 92       	push	r13
     4cc:	ef 92       	push	r14
     4ce:	ff 92       	push	r15
     4d0:	0f 93       	push	r16
     4d2:	1f 93       	push	r17
     4d4:	cf 93       	push	r28
     4d6:	df 93       	push	r29
     4d8:	00 d0       	rcall	.+0      	; 0x4da <BMP_readPressure+0x22>
     4da:	00 d0       	rcall	.+0      	; 0x4dc <BMP_readPressure+0x24>
     4dc:	cd b7       	in	r28, 0x3d	; 61
     4de:	de b7       	in	r29, 0x3e	; 62
	uint8_t msb, lsb, xlsb;
	int32_t adc_P;
	float adc_Pf;
	float var1, var2, p;
	
	msb = BMP_read(0xF7);					// MSB
     4e0:	87 ef       	ldi	r24, 0xF7	; 247
     4e2:	0e 94 02 01 	call	0x204	; 0x204 <BMP_read>
     4e6:	88 2e       	mov	r8, r24
	lsb = BMP_read(0xF8);					// LSB
     4e8:	88 ef       	ldi	r24, 0xF8	; 248
     4ea:	0e 94 02 01 	call	0x204	; 0x204 <BMP_read>
     4ee:	f8 2e       	mov	r15, r24
	xlsb= BMP_read(0xF9);					// XLSB
     4f0:	89 ef       	ldi	r24, 0xF9	; 249
     4f2:	0e 94 02 01 	call	0x204	; 0x204 <BMP_read>
	
	adc_P = ((int32_t) msb << 12) | ((int32_t) lsb << 4) | ((int32_t) xlsb >> 4);
     4f6:	48 2d       	mov	r20, r8
     4f8:	50 e0       	ldi	r21, 0x00	; 0
     4fa:	60 e0       	ldi	r22, 0x00	; 0
     4fc:	70 e0       	ldi	r23, 0x00	; 0
     4fe:	4a 01       	movw	r8, r20
     500:	5b 01       	movw	r10, r22
     502:	07 2e       	mov	r0, r23
     504:	7c e0       	ldi	r23, 0x0C	; 12
     506:	88 0c       	add	r8, r8
     508:	99 1c       	adc	r9, r9
     50a:	aa 1c       	adc	r10, r10
     50c:	bb 1c       	adc	r11, r11
     50e:	7a 95       	dec	r23
     510:	d1 f7       	brne	.-12     	; 0x506 <BMP_readPressure+0x4e>
     512:	70 2d       	mov	r23, r0
     514:	4f 2d       	mov	r20, r15
     516:	50 e0       	ldi	r21, 0x00	; 0
     518:	60 e0       	ldi	r22, 0x00	; 0
     51a:	70 e0       	ldi	r23, 0x00	; 0
     51c:	44 0f       	add	r20, r20
     51e:	55 1f       	adc	r21, r21
     520:	66 1f       	adc	r22, r22
     522:	77 1f       	adc	r23, r23
     524:	44 0f       	add	r20, r20
     526:	55 1f       	adc	r21, r21
     528:	66 1f       	adc	r22, r22
     52a:	77 1f       	adc	r23, r23
     52c:	44 0f       	add	r20, r20
     52e:	55 1f       	adc	r21, r21
     530:	66 1f       	adc	r22, r22
     532:	77 1f       	adc	r23, r23
     534:	44 0f       	add	r20, r20
     536:	55 1f       	adc	r21, r21
     538:	66 1f       	adc	r22, r22
     53a:	77 1f       	adc	r23, r23
     53c:	48 29       	or	r20, r8
     53e:	59 29       	or	r21, r9
     540:	6a 29       	or	r22, r10
     542:	7b 29       	or	r23, r11
     544:	82 95       	swap	r24
     546:	8f 70       	andi	r24, 0x0F	; 15
     548:	8a 01       	movw	r16, r20
     54a:	9b 01       	movw	r18, r22
     54c:	08 2b       	or	r16, r24
     54e:	c9 01       	movw	r24, r18
     550:	b8 01       	movw	r22, r16
	adc_Pf = (float)adc_P;
     552:	0e 94 5f 08 	call	0x10be	; 0x10be <__floatsisf>
     556:	69 83       	std	Y+1, r22	; 0x01
     558:	7a 83       	std	Y+2, r23	; 0x02
     55a:	8b 83       	std	Y+3, r24	; 0x03
     55c:	9c 83       	std	Y+4, r25	; 0x04
	
	// Formula from BMP280 Data sheet
	var1 = ((float)t_fine / 2.0f) - 64000.0f;
     55e:	60 91 32 02 	lds	r22, 0x0232	; 0x800232 <t_fine>
     562:	70 91 33 02 	lds	r23, 0x0233	; 0x800233 <t_fine+0x1>
     566:	80 91 34 02 	lds	r24, 0x0234	; 0x800234 <t_fine+0x2>
     56a:	90 91 35 02 	lds	r25, 0x0235	; 0x800235 <t_fine+0x3>
     56e:	0e 94 5f 08 	call	0x10be	; 0x10be <__floatsisf>
     572:	20 e0       	ldi	r18, 0x00	; 0
     574:	30 e0       	ldi	r19, 0x00	; 0
     576:	40 e0       	ldi	r20, 0x00	; 0
     578:	5f e3       	ldi	r21, 0x3F	; 63
     57a:	0e 94 0f 09 	call	0x121e	; 0x121e <__mulsf3>
     57e:	20 e0       	ldi	r18, 0x00	; 0
     580:	30 e0       	ldi	r19, 0x00	; 0
     582:	4a e7       	ldi	r20, 0x7A	; 122
     584:	57 e4       	ldi	r21, 0x47	; 71
     586:	0e 94 43 07 	call	0xe86	; 0xe86 <__subsf3>
     58a:	6b 01       	movw	r12, r22
     58c:	7c 01       	movw	r14, r24
	var2 = var1 * var1 * ((float)dig_P6) / 32768.0f;
     58e:	9b 01       	movw	r18, r22
     590:	ac 01       	movw	r20, r24
     592:	0e 94 0f 09 	call	0x121e	; 0x121e <__mulsf3>
     596:	4b 01       	movw	r8, r22
     598:	5c 01       	movw	r10, r24
     59a:	60 91 30 02 	lds	r22, 0x0230	; 0x800230 <dig_P6>
     59e:	70 91 31 02 	lds	r23, 0x0231	; 0x800231 <dig_P6+0x1>
     5a2:	07 2e       	mov	r0, r23
     5a4:	00 0c       	add	r0, r0
     5a6:	88 0b       	sbc	r24, r24
     5a8:	99 0b       	sbc	r25, r25
     5aa:	0e 94 5f 08 	call	0x10be	; 0x10be <__floatsisf>
     5ae:	9b 01       	movw	r18, r22
     5b0:	ac 01       	movw	r20, r24
     5b2:	c5 01       	movw	r24, r10
     5b4:	b4 01       	movw	r22, r8
     5b6:	0e 94 0f 09 	call	0x121e	; 0x121e <__mulsf3>
     5ba:	20 e0       	ldi	r18, 0x00	; 0
     5bc:	30 e0       	ldi	r19, 0x00	; 0
     5be:	40 e0       	ldi	r20, 0x00	; 0
     5c0:	58 e3       	ldi	r21, 0x38	; 56
     5c2:	0e 94 0f 09 	call	0x121e	; 0x121e <__mulsf3>
     5c6:	4b 01       	movw	r8, r22
     5c8:	5c 01       	movw	r10, r24
	var2 = var2 + var1 * ((float)dig_P5) * 2.0f;
     5ca:	60 91 24 02 	lds	r22, 0x0224	; 0x800224 <dig_P5>
     5ce:	70 91 25 02 	lds	r23, 0x0225	; 0x800225 <dig_P5+0x1>
     5d2:	07 2e       	mov	r0, r23
     5d4:	00 0c       	add	r0, r0
     5d6:	88 0b       	sbc	r24, r24
     5d8:	99 0b       	sbc	r25, r25
     5da:	0e 94 5f 08 	call	0x10be	; 0x10be <__floatsisf>
     5de:	9b 01       	movw	r18, r22
     5e0:	ac 01       	movw	r20, r24
     5e2:	c7 01       	movw	r24, r14
     5e4:	b6 01       	movw	r22, r12
     5e6:	0e 94 0f 09 	call	0x121e	; 0x121e <__mulsf3>
     5ea:	9b 01       	movw	r18, r22
     5ec:	ac 01       	movw	r20, r24
     5ee:	0e 94 44 07 	call	0xe88	; 0xe88 <__addsf3>
     5f2:	9b 01       	movw	r18, r22
     5f4:	ac 01       	movw	r20, r24
     5f6:	c5 01       	movw	r24, r10
     5f8:	b4 01       	movw	r22, r8
     5fa:	0e 94 44 07 	call	0xe88	; 0xe88 <__addsf3>
	var2 = (var2 / 4.0f) + (((float)dig_P4) * 65536.0f);
     5fe:	20 e0       	ldi	r18, 0x00	; 0
     600:	30 e0       	ldi	r19, 0x00	; 0
     602:	40 e8       	ldi	r20, 0x80	; 128
     604:	5e e3       	ldi	r21, 0x3E	; 62
     606:	0e 94 0f 09 	call	0x121e	; 0x121e <__mulsf3>
     60a:	4b 01       	movw	r8, r22
     60c:	5c 01       	movw	r10, r24
     60e:	60 91 22 02 	lds	r22, 0x0222	; 0x800222 <dig_P4>
     612:	70 91 23 02 	lds	r23, 0x0223	; 0x800223 <dig_P4+0x1>
     616:	07 2e       	mov	r0, r23
     618:	00 0c       	add	r0, r0
     61a:	88 0b       	sbc	r24, r24
     61c:	99 0b       	sbc	r25, r25
     61e:	0e 94 5f 08 	call	0x10be	; 0x10be <__floatsisf>
     622:	20 e0       	ldi	r18, 0x00	; 0
     624:	30 e0       	ldi	r19, 0x00	; 0
     626:	40 e8       	ldi	r20, 0x80	; 128
     628:	57 e4       	ldi	r21, 0x47	; 71
     62a:	0e 94 0f 09 	call	0x121e	; 0x121e <__mulsf3>
     62e:	9b 01       	movw	r18, r22
     630:	ac 01       	movw	r20, r24
     632:	c5 01       	movw	r24, r10
     634:	b4 01       	movw	r22, r8
     636:	0e 94 44 07 	call	0xe88	; 0xe88 <__addsf3>
     63a:	2b 01       	movw	r4, r22
     63c:	3c 01       	movw	r6, r24

	var1 = (((float)dig_P3 * var1 * var1 / 524288.0f) +
     63e:	60 91 28 02 	lds	r22, 0x0228	; 0x800228 <dig_P3>
     642:	70 91 29 02 	lds	r23, 0x0229	; 0x800229 <dig_P3+0x1>
     646:	07 2e       	mov	r0, r23
     648:	00 0c       	add	r0, r0
     64a:	88 0b       	sbc	r24, r24
     64c:	99 0b       	sbc	r25, r25
     64e:	0e 94 5f 08 	call	0x10be	; 0x10be <__floatsisf>
     652:	9b 01       	movw	r18, r22
     654:	ac 01       	movw	r20, r24
     656:	c7 01       	movw	r24, r14
     658:	b6 01       	movw	r22, r12
     65a:	0e 94 0f 09 	call	0x121e	; 0x121e <__mulsf3>
     65e:	9b 01       	movw	r18, r22
     660:	ac 01       	movw	r20, r24
     662:	c7 01       	movw	r24, r14
     664:	b6 01       	movw	r22, r12
     666:	0e 94 0f 09 	call	0x121e	; 0x121e <__mulsf3>
     66a:	20 e0       	ldi	r18, 0x00	; 0
     66c:	30 e0       	ldi	r19, 0x00	; 0
     66e:	40 e0       	ldi	r20, 0x00	; 0
     670:	56 e3       	ldi	r21, 0x36	; 54
     672:	0e 94 0f 09 	call	0x121e	; 0x121e <__mulsf3>
     676:	4b 01       	movw	r8, r22
     678:	5c 01       	movw	r10, r24
	((float)dig_P2 * var1)) / 524288.0f;
     67a:	60 91 20 02 	lds	r22, 0x0220	; 0x800220 <dig_P2>
     67e:	70 91 21 02 	lds	r23, 0x0221	; 0x800221 <dig_P2+0x1>
     682:	07 2e       	mov	r0, r23
     684:	00 0c       	add	r0, r0
     686:	88 0b       	sbc	r24, r24
     688:	99 0b       	sbc	r25, r25
     68a:	0e 94 5f 08 	call	0x10be	; 0x10be <__floatsisf>
     68e:	9b 01       	movw	r18, r22
     690:	ac 01       	movw	r20, r24
     692:	c7 01       	movw	r24, r14
     694:	b6 01       	movw	r22, r12
     696:	0e 94 0f 09 	call	0x121e	; 0x121e <__mulsf3>
     69a:	9b 01       	movw	r18, r22
     69c:	ac 01       	movw	r20, r24
	var1 = ((float)t_fine / 2.0f) - 64000.0f;
	var2 = var1 * var1 * ((float)dig_P6) / 32768.0f;
	var2 = var2 + var1 * ((float)dig_P5) * 2.0f;
	var2 = (var2 / 4.0f) + (((float)dig_P4) * 65536.0f);

	var1 = (((float)dig_P3 * var1 * var1 / 524288.0f) +
     69e:	c5 01       	movw	r24, r10
     6a0:	b4 01       	movw	r22, r8
     6a2:	0e 94 44 07 	call	0xe88	; 0xe88 <__addsf3>
     6a6:	20 e0       	ldi	r18, 0x00	; 0
     6a8:	30 e0       	ldi	r19, 0x00	; 0
     6aa:	40 e0       	ldi	r20, 0x00	; 0
     6ac:	56 e3       	ldi	r21, 0x36	; 54
     6ae:	0e 94 0f 09 	call	0x121e	; 0x121e <__mulsf3>
	((float)dig_P2 * var1)) / 524288.0f;

	var1 = (1.0f + var1 / 32768.0f) * ((float)dig_P1);
     6b2:	20 e0       	ldi	r18, 0x00	; 0
     6b4:	30 e0       	ldi	r19, 0x00	; 0
     6b6:	40 e0       	ldi	r20, 0x00	; 0
     6b8:	58 e3       	ldi	r21, 0x38	; 56
     6ba:	0e 94 0f 09 	call	0x121e	; 0x121e <__mulsf3>
     6be:	20 e0       	ldi	r18, 0x00	; 0
     6c0:	30 e0       	ldi	r19, 0x00	; 0
     6c2:	40 e8       	ldi	r20, 0x80	; 128
     6c4:	5f e3       	ldi	r21, 0x3F	; 63
     6c6:	0e 94 44 07 	call	0xe88	; 0xe88 <__addsf3>
     6ca:	6b 01       	movw	r12, r22
     6cc:	7c 01       	movw	r14, r24
     6ce:	60 91 26 02 	lds	r22, 0x0226	; 0x800226 <dig_P1>
     6d2:	70 91 27 02 	lds	r23, 0x0227	; 0x800227 <dig_P1+0x1>
     6d6:	80 e0       	ldi	r24, 0x00	; 0
     6d8:	90 e0       	ldi	r25, 0x00	; 0
     6da:	0e 94 5d 08 	call	0x10ba	; 0x10ba <__floatunsisf>
     6de:	9b 01       	movw	r18, r22
     6e0:	ac 01       	movw	r20, r24
     6e2:	c7 01       	movw	r24, r14
     6e4:	b6 01       	movw	r22, r12
     6e6:	0e 94 0f 09 	call	0x121e	; 0x121e <__mulsf3>
     6ea:	6b 01       	movw	r12, r22
     6ec:	7c 01       	movw	r14, r24
	
	if(var1 == 0.0f){
     6ee:	20 e0       	ldi	r18, 0x00	; 0
     6f0:	30 e0       	ldi	r19, 0x00	; 0
     6f2:	a9 01       	movw	r20, r18
     6f4:	0e 94 b0 07 	call	0xf60	; 0xf60 <__cmpsf2>
     6f8:	88 23       	and	r24, r24
     6fa:	09 f4       	brne	.+2      	; 0x6fe <BMP_readPressure+0x246>
     6fc:	83 c0       	rjmp	.+262    	; 0x804 <__DATA_REGION_LENGTH__+0x4>
		return 0;								// avoid divide by zero
	}
	
	p = 1048576.0f - adc_Pf;
     6fe:	29 81       	ldd	r18, Y+1	; 0x01
     700:	3a 81       	ldd	r19, Y+2	; 0x02
     702:	4b 81       	ldd	r20, Y+3	; 0x03
     704:	5c 81       	ldd	r21, Y+4	; 0x04
     706:	60 e0       	ldi	r22, 0x00	; 0
     708:	70 e0       	ldi	r23, 0x00	; 0
     70a:	80 e8       	ldi	r24, 0x80	; 128
     70c:	99 e4       	ldi	r25, 0x49	; 73
     70e:	0e 94 43 07 	call	0xe86	; 0xe86 <__subsf3>
     712:	4b 01       	movw	r8, r22
     714:	5c 01       	movw	r10, r24
	p = (p - (var2 / 4096.0f)) * 6250.0f / var1;
     716:	20 e0       	ldi	r18, 0x00	; 0
     718:	30 e0       	ldi	r19, 0x00	; 0
     71a:	40 e8       	ldi	r20, 0x80	; 128
     71c:	59 e3       	ldi	r21, 0x39	; 57
     71e:	c3 01       	movw	r24, r6
     720:	b2 01       	movw	r22, r4
     722:	0e 94 0f 09 	call	0x121e	; 0x121e <__mulsf3>
     726:	9b 01       	movw	r18, r22
     728:	ac 01       	movw	r20, r24
     72a:	c5 01       	movw	r24, r10
     72c:	b4 01       	movw	r22, r8
     72e:	0e 94 43 07 	call	0xe86	; 0xe86 <__subsf3>
     732:	20 e0       	ldi	r18, 0x00	; 0
     734:	30 e5       	ldi	r19, 0x50	; 80
     736:	43 ec       	ldi	r20, 0xC3	; 195
     738:	55 e4       	ldi	r21, 0x45	; 69
     73a:	0e 94 0f 09 	call	0x121e	; 0x121e <__mulsf3>
     73e:	a7 01       	movw	r20, r14
     740:	96 01       	movw	r18, r12
     742:	0e 94 b5 07 	call	0xf6a	; 0xf6a <__divsf3>
     746:	6b 01       	movw	r12, r22
     748:	7c 01       	movw	r14, r24

	var1 = ((float)dig_P9) * p * p / 2147483648.0f;
     74a:	60 91 2c 02 	lds	r22, 0x022C	; 0x80022c <dig_P9>
     74e:	70 91 2d 02 	lds	r23, 0x022D	; 0x80022d <dig_P9+0x1>
     752:	07 2e       	mov	r0, r23
     754:	00 0c       	add	r0, r0
     756:	88 0b       	sbc	r24, r24
     758:	99 0b       	sbc	r25, r25
     75a:	0e 94 5f 08 	call	0x10be	; 0x10be <__floatsisf>
     75e:	9b 01       	movw	r18, r22
     760:	ac 01       	movw	r20, r24
     762:	c7 01       	movw	r24, r14
     764:	b6 01       	movw	r22, r12
     766:	0e 94 0f 09 	call	0x121e	; 0x121e <__mulsf3>
     76a:	9b 01       	movw	r18, r22
     76c:	ac 01       	movw	r20, r24
     76e:	c7 01       	movw	r24, r14
     770:	b6 01       	movw	r22, r12
     772:	0e 94 0f 09 	call	0x121e	; 0x121e <__mulsf3>
     776:	20 e0       	ldi	r18, 0x00	; 0
     778:	30 e0       	ldi	r19, 0x00	; 0
     77a:	40 e0       	ldi	r20, 0x00	; 0
     77c:	50 e3       	ldi	r21, 0x30	; 48
     77e:	0e 94 0f 09 	call	0x121e	; 0x121e <__mulsf3>
     782:	4b 01       	movw	r8, r22
     784:	5c 01       	movw	r10, r24
	var2 = p * ((float)dig_P8) / 32768.0f;
     786:	60 91 2a 02 	lds	r22, 0x022A	; 0x80022a <dig_P8>
     78a:	70 91 2b 02 	lds	r23, 0x022B	; 0x80022b <dig_P8+0x1>
     78e:	07 2e       	mov	r0, r23
     790:	00 0c       	add	r0, r0
     792:	88 0b       	sbc	r24, r24
     794:	99 0b       	sbc	r25, r25
     796:	0e 94 5f 08 	call	0x10be	; 0x10be <__floatsisf>
     79a:	9b 01       	movw	r18, r22
     79c:	ac 01       	movw	r20, r24
     79e:	c7 01       	movw	r24, r14
     7a0:	b6 01       	movw	r22, r12
     7a2:	0e 94 0f 09 	call	0x121e	; 0x121e <__mulsf3>
     7a6:	20 e0       	ldi	r18, 0x00	; 0
     7a8:	30 e0       	ldi	r19, 0x00	; 0
     7aa:	40 e0       	ldi	r20, 0x00	; 0
     7ac:	58 e3       	ldi	r21, 0x38	; 56
     7ae:	0e 94 0f 09 	call	0x121e	; 0x121e <__mulsf3>
     7b2:	9b 01       	movw	r18, r22
     7b4:	ac 01       	movw	r20, r24

	p = p + ((var1 + var2 + (float)dig_P7) / 16.0f);
     7b6:	c5 01       	movw	r24, r10
     7b8:	b4 01       	movw	r22, r8
     7ba:	0e 94 44 07 	call	0xe88	; 0xe88 <__addsf3>
     7be:	4b 01       	movw	r8, r22
     7c0:	5c 01       	movw	r10, r24
     7c2:	60 91 1a 02 	lds	r22, 0x021A	; 0x80021a <__data_end>
     7c6:	70 91 1b 02 	lds	r23, 0x021B	; 0x80021b <__data_end+0x1>
     7ca:	07 2e       	mov	r0, r23
     7cc:	00 0c       	add	r0, r0
     7ce:	88 0b       	sbc	r24, r24
     7d0:	99 0b       	sbc	r25, r25
     7d2:	0e 94 5f 08 	call	0x10be	; 0x10be <__floatsisf>
     7d6:	9b 01       	movw	r18, r22
     7d8:	ac 01       	movw	r20, r24
     7da:	c5 01       	movw	r24, r10
     7dc:	b4 01       	movw	r22, r8
     7de:	0e 94 44 07 	call	0xe88	; 0xe88 <__addsf3>
     7e2:	20 e0       	ldi	r18, 0x00	; 0
     7e4:	30 e0       	ldi	r19, 0x00	; 0
     7e6:	40 e8       	ldi	r20, 0x80	; 128
     7e8:	5d e3       	ldi	r21, 0x3D	; 61
     7ea:	0e 94 0f 09 	call	0x121e	; 0x121e <__mulsf3>
     7ee:	9b 01       	movw	r18, r22
     7f0:	ac 01       	movw	r20, r24
     7f2:	c7 01       	movw	r24, r14
     7f4:	b6 01       	movw	r22, r12
     7f6:	0e 94 44 07 	call	0xe88	; 0xe88 <__addsf3>

	return p;								// pressure in Pascals (Pa)
     7fa:	56 2f       	mov	r21, r22
     7fc:	47 2f       	mov	r20, r23
     7fe:	38 2f       	mov	r19, r24
     800:	29 2f       	mov	r18, r25
     802:	04 c0       	rjmp	.+8      	; 0x80c <__DATA_REGION_LENGTH__+0xc>
	((float)dig_P2 * var1)) / 524288.0f;

	var1 = (1.0f + var1 / 32768.0f) * ((float)dig_P1);
	
	if(var1 == 0.0f){
		return 0;								// avoid divide by zero
     804:	50 e0       	ldi	r21, 0x00	; 0
     806:	40 e0       	ldi	r20, 0x00	; 0
     808:	30 e0       	ldi	r19, 0x00	; 0
     80a:	20 e0       	ldi	r18, 0x00	; 0
	var2 = p * ((float)dig_P8) / 32768.0f;

	p = p + ((var1 + var2 + (float)dig_P7) / 16.0f);

	return p;								// pressure in Pascals (Pa)
     80c:	65 2f       	mov	r22, r21
     80e:	74 2f       	mov	r23, r20
     810:	83 2f       	mov	r24, r19
     812:	92 2f       	mov	r25, r18
     814:	0f 90       	pop	r0
     816:	0f 90       	pop	r0
     818:	0f 90       	pop	r0
     81a:	0f 90       	pop	r0
     81c:	df 91       	pop	r29
     81e:	cf 91       	pop	r28
     820:	1f 91       	pop	r17
     822:	0f 91       	pop	r16
     824:	ff 90       	pop	r15
     826:	ef 90       	pop	r14
     828:	df 90       	pop	r13
     82a:	cf 90       	pop	r12
     82c:	bf 90       	pop	r11
     82e:	af 90       	pop	r10
     830:	9f 90       	pop	r9
     832:	8f 90       	pop	r8
     834:	7f 90       	pop	r7
     836:	6f 90       	pop	r6
     838:	5f 90       	pop	r5
     83a:	4f 90       	pop	r4
     83c:	08 95       	ret

0000083e <I2C_init>:
#include "oled.h"
#include "bmp.h"

void I2C_init(void)
{
	TWSR = 0x00;												// Set Prescalar to 1
     83e:	10 92 b9 00 	sts	0x00B9, r1	; 0x8000b9 <__TEXT_REGION_LENGTH__+0x7f80b9>
	TWBR = 72;													// set Bit Rate (SCL = 100 kHz)
     842:	88 e4       	ldi	r24, 0x48	; 72
     844:	80 93 b8 00 	sts	0x00B8, r24	; 0x8000b8 <__TEXT_REGION_LENGTH__+0x7f80b8>
	TWCR |= (1 << TWEN);										// Enable TWI (Two-Wire Interface)
     848:	ec eb       	ldi	r30, 0xBC	; 188
     84a:	f0 e0       	ldi	r31, 0x00	; 0
     84c:	80 81       	ld	r24, Z
     84e:	84 60       	ori	r24, 0x04	; 4
     850:	80 83       	st	Z, r24
     852:	08 95       	ret

00000854 <I2C_start>:
}

void I2C_start(void)
{
	TWCR = (1 << TWINT) | (1 << TWSTA) | (1 << TWEN);			// Send start
     854:	84 ea       	ldi	r24, 0xA4	; 164
     856:	80 93 bc 00 	sts	0x00BC, r24	; 0x8000bc <__TEXT_REGION_LENGTH__+0x7f80bc>
	while(!(TWCR & (1 << TWINT)));								// Wait end of operation becomes 1
     85a:	80 91 bc 00 	lds	r24, 0x00BC	; 0x8000bc <__TEXT_REGION_LENGTH__+0x7f80bc>
     85e:	88 23       	and	r24, r24
     860:	e4 f7       	brge	.-8      	; 0x85a <I2C_start+0x6>
}
     862:	08 95       	ret

00000864 <I2C_stop>:

void I2C_stop(void)
{
	TWCR = (1 << TWINT) | (1 << TWSTO) | (1 << TWEN);			// Send Stop
     864:	84 e9       	ldi	r24, 0x94	; 148
     866:	80 93 bc 00 	sts	0x00BC, r24	; 0x8000bc <__TEXT_REGION_LENGTH__+0x7f80bc>
     86a:	08 95       	ret

0000086c <I2C_write>:
}

void I2C_write(uint8_t data)
{
	TWDR = data;												// For Data
     86c:	80 93 bb 00 	sts	0x00BB, r24	; 0x8000bb <__TEXT_REGION_LENGTH__+0x7f80bb>
	TWCR = (1 << TWINT) | (1 << TWEN);							// Start transmission
     870:	84 e8       	ldi	r24, 0x84	; 132
     872:	80 93 bc 00 	sts	0x00BC, r24	; 0x8000bc <__TEXT_REGION_LENGTH__+0x7f80bc>
	while(!(TWCR & (1 << TWINT)));								// Wait until transmission complete
     876:	80 91 bc 00 	lds	r24, 0x00BC	; 0x8000bc <__TEXT_REGION_LENGTH__+0x7f80bc>
     87a:	88 23       	and	r24, r24
     87c:	e4 f7       	brge	.-8      	; 0x876 <I2C_write+0xa>
}
     87e:	08 95       	ret

00000880 <I2C_readACK>:

uint8_t I2C_readACK(void)
{
	TWCR = (1 << TWINT) | (1 << TWEN) | (1 << TWEA);			// Sends ACK after receiving data
     880:	84 ec       	ldi	r24, 0xC4	; 196
     882:	80 93 bc 00 	sts	0x00BC, r24	; 0x8000bc <__TEXT_REGION_LENGTH__+0x7f80bc>
	while(!(TWCR & (1 << TWINT)));								// Wait until data is received
     886:	80 91 bc 00 	lds	r24, 0x00BC	; 0x8000bc <__TEXT_REGION_LENGTH__+0x7f80bc>
     88a:	88 23       	and	r24, r24
     88c:	e4 f7       	brge	.-8      	; 0x886 <I2C_readACK+0x6>
	return TWDR;												// Return received byte
     88e:	80 91 bb 00 	lds	r24, 0x00BB	; 0x8000bb <__TEXT_REGION_LENGTH__+0x7f80bb>
}
     892:	08 95       	ret

00000894 <I2C_readNACK>:

uint8_t I2C_readNACK(void)
{
	TWCR = (1 << TWINT) | (1 << TWEN);							// Clear flag, enable TWI and send NACK
     894:	84 e8       	ldi	r24, 0x84	; 132
     896:	80 93 bc 00 	sts	0x00BC, r24	; 0x8000bc <__TEXT_REGION_LENGTH__+0x7f80bc>
	while(!(TWCR & (1 << TWINT)));								// Wait until byte is received and NACK is sent
     89a:	80 91 bc 00 	lds	r24, 0x00BC	; 0x8000bc <__TEXT_REGION_LENGTH__+0x7f80bc>
     89e:	88 23       	and	r24, r24
     8a0:	e4 f7       	brge	.-8      	; 0x89a <I2C_readNACK+0x6>
	return TWDR;												// Return the received byte
     8a2:	80 91 bb 00 	lds	r24, 0x00BB	; 0x8000bb <__TEXT_REGION_LENGTH__+0x7f80bb>
     8a6:	08 95       	ret

000008a8 <main>:
#include "i2c.h"
#include "bmp.h"


int main(void)
{
     8a8:	cf 93       	push	r28
     8aa:	df 93       	push	r29
     8ac:	cd b7       	in	r28, 0x3d	; 61
     8ae:	de b7       	in	r29, 0x3e	; 62
     8b0:	ec 97       	sbiw	r28, 0x3c	; 60
     8b2:	0f b6       	in	r0, 0x3f	; 63
     8b4:	f8 94       	cli
     8b6:	de bf       	out	0x3e, r29	; 62
     8b8:	0f be       	out	0x3f, r0	; 63
     8ba:	cd bf       	out	0x3d, r28	; 61
	float pressure;

	char temp_buffer[20];
	char press_buffer[20];

	I2C_init();												// Initialize I2C
     8bc:	0e 94 1f 04 	call	0x83e	; 0x83e <I2C_init>
	OLED_init();											// Initialize OLED
     8c0:	0e 94 e2 04 	call	0x9c4	; 0x9c4 <OLED_init>
	BMP_init();												// Initialize BMP280
     8c4:	0e 94 6e 01 	call	0x2dc	; 0x2dc <BMP_init>
    while (1) 
    {
		char temp_value[10];
		char press_value[10];

		temperature = BMP_readTemperature();
     8c8:	0e 94 88 01 	call	0x310	; 0x310 <BMP_readTemperature>
     8cc:	2b 01       	movw	r4, r22
     8ce:	3c 01       	movw	r6, r24
		pressure = BMP_readPressure() / 100.0f;
     8d0:	0e 94 5c 02 	call	0x4b8	; 0x4b8 <BMP_readPressure>
     8d4:	20 e0       	ldi	r18, 0x00	; 0
     8d6:	30 e0       	ldi	r19, 0x00	; 0
     8d8:	48 ec       	ldi	r20, 0xC8	; 200
     8da:	52 e4       	ldi	r21, 0x42	; 66
     8dc:	0e 94 b5 07 	call	0xf6a	; 0xf6a <__divsf3>
     8e0:	4b 01       	movw	r8, r22
     8e2:	5c 01       	movw	r10, r24

		dtostrf(temperature, 5, 2, temp_value);
     8e4:	6e 01       	movw	r12, r28
     8e6:	23 e3       	ldi	r18, 0x33	; 51
     8e8:	c2 0e       	add	r12, r18
     8ea:	d1 1c       	adc	r13, r1
     8ec:	86 01       	movw	r16, r12
     8ee:	22 e0       	ldi	r18, 0x02	; 2
     8f0:	45 e0       	ldi	r20, 0x05	; 5
     8f2:	c3 01       	movw	r24, r6
     8f4:	b2 01       	movw	r22, r4
     8f6:	0e 94 7c 09 	call	0x12f8	; 0x12f8 <dtostrf>
		dtostrf(pressure, 6, 2, press_value);
     8fa:	7e 01       	movw	r14, r28
     8fc:	89 e2       	ldi	r24, 0x29	; 41
     8fe:	e8 0e       	add	r14, r24
     900:	f1 1c       	adc	r15, r1
     902:	87 01       	movw	r16, r14
     904:	22 e0       	ldi	r18, 0x02	; 2
     906:	46 e0       	ldi	r20, 0x06	; 6
     908:	c5 01       	movw	r24, r10
     90a:	b4 01       	movw	r22, r8
     90c:	0e 94 7c 09 	call	0x12f8	; 0x12f8 <dtostrf>

		sprintf(temp_buffer, "Temp:%s C", temp_value);
     910:	df 92       	push	r13
     912:	cf 92       	push	r12
     914:	84 e0       	ldi	r24, 0x04	; 4
     916:	92 e0       	ldi	r25, 0x02	; 2
     918:	9f 93       	push	r25
     91a:	8f 93       	push	r24
     91c:	ce 01       	movw	r24, r28
     91e:	01 96       	adiw	r24, 0x01	; 1
     920:	6c 01       	movw	r12, r24
     922:	9f 93       	push	r25
     924:	8f 93       	push	r24
     926:	0e 94 9c 09 	call	0x1338	; 0x1338 <sprintf>
		sprintf(press_buffer, "Pres:%s hPa", press_value);
     92a:	ff 92       	push	r15
     92c:	ef 92       	push	r14
     92e:	8e e0       	ldi	r24, 0x0E	; 14
     930:	92 e0       	ldi	r25, 0x02	; 2
     932:	9f 93       	push	r25
     934:	8f 93       	push	r24
     936:	04 51       	subi	r16, 0x14	; 20
     938:	11 09       	sbc	r17, r1
     93a:	1f 93       	push	r17
     93c:	0f 93       	push	r16
     93e:	0e 94 9c 09 	call	0x1338	; 0x1338 <sprintf>

		OLED_clear();
     942:	0e 94 49 05 	call	0xa92	; 0xa92 <OLED_clear>

		OLED_setCursor(5,0);
     946:	60 e0       	ldi	r22, 0x00	; 0
     948:	85 e0       	ldi	r24, 0x05	; 5
     94a:	0e 94 37 05 	call	0xa6e	; 0xa6e <OLED_setCursor>
		OLED_print(temp_buffer);
     94e:	c6 01       	movw	r24, r12
     950:	0e 94 36 07 	call	0xe6c	; 0xe6c <OLED_print>

		OLED_setCursor(5,2);
     954:	62 e0       	ldi	r22, 0x02	; 2
     956:	85 e0       	ldi	r24, 0x05	; 5
     958:	0e 94 37 05 	call	0xa6e	; 0xa6e <OLED_setCursor>
		OLED_print(press_buffer);
     95c:	c8 01       	movw	r24, r16
     95e:	0e 94 36 07 	call	0xe6c	; 0xe6c <OLED_print>
     962:	9f ef       	ldi	r25, 0xFF	; 255
     964:	27 ea       	ldi	r18, 0xA7	; 167
     966:	81 e6       	ldi	r24, 0x61	; 97
     968:	91 50       	subi	r25, 0x01	; 1
     96a:	20 40       	sbci	r18, 0x00	; 0
     96c:	80 40       	sbci	r24, 0x00	; 0
     96e:	e1 f7       	brne	.-8      	; 0x968 <__stack+0x69>
     970:	00 c0       	rjmp	.+0      	; 0x972 <__stack+0x73>
     972:	00 00       	nop
     974:	0f b6       	in	r0, 0x3f	; 63
     976:	f8 94       	cli
     978:	de bf       	out	0x3e, r29	; 62
     97a:	0f be       	out	0x3f, r0	; 63
     97c:	cd bf       	out	0x3d, r28	; 61
     97e:	a4 cf       	rjmp	.-184    	; 0x8c8 <main+0x20>

00000980 <OLED_command>:
	{0x36,0x49,0x49,0x49,0x36},					// 8
	{0x06,0x49,0x49,0x29,0x1E},					// 9
};

static void OLED_command(uint8_t cmd)
{
     980:	cf 93       	push	r28
     982:	c8 2f       	mov	r28, r24
	I2C_start();
     984:	0e 94 2a 04 	call	0x854	; 0x854 <I2C_start>

	I2C_write((OLED_ADDR << 1) | 0);
     988:	88 e7       	ldi	r24, 0x78	; 120
     98a:	0e 94 36 04 	call	0x86c	; 0x86c <I2C_write>

	I2C_write(0x00);
     98e:	80 e0       	ldi	r24, 0x00	; 0
     990:	0e 94 36 04 	call	0x86c	; 0x86c <I2C_write>

	I2C_write(cmd);
     994:	8c 2f       	mov	r24, r28
     996:	0e 94 36 04 	call	0x86c	; 0x86c <I2C_write>

	I2C_stop();
     99a:	0e 94 32 04 	call	0x864	; 0x864 <I2C_stop>
}
     99e:	cf 91       	pop	r28
     9a0:	08 95       	ret

000009a2 <OLED_data>:

static void OLED_data(uint8_t data)
{
     9a2:	cf 93       	push	r28
     9a4:	c8 2f       	mov	r28, r24
	I2C_start();
     9a6:	0e 94 2a 04 	call	0x854	; 0x854 <I2C_start>

	I2C_write((OLED_ADDR << 1) | 0);
     9aa:	88 e7       	ldi	r24, 0x78	; 120
     9ac:	0e 94 36 04 	call	0x86c	; 0x86c <I2C_write>
	I2C_write(0x40);
     9b0:	80 e4       	ldi	r24, 0x40	; 64
     9b2:	0e 94 36 04 	call	0x86c	; 0x86c <I2C_write>
	I2C_write(data);
     9b6:	8c 2f       	mov	r24, r28
     9b8:	0e 94 36 04 	call	0x86c	; 0x86c <I2C_write>

	I2C_stop();
     9bc:	0e 94 32 04 	call	0x864	; 0x864 <I2C_stop>
}
     9c0:	cf 91       	pop	r28
     9c2:	08 95       	ret

000009c4 <OLED_init>:
     9c4:	2f ef       	ldi	r18, 0xFF	; 255
     9c6:	81 ee       	ldi	r24, 0xE1	; 225
     9c8:	94 e0       	ldi	r25, 0x04	; 4
     9ca:	21 50       	subi	r18, 0x01	; 1
     9cc:	80 40       	sbci	r24, 0x00	; 0
     9ce:	90 40       	sbci	r25, 0x00	; 0
     9d0:	e1 f7       	brne	.-8      	; 0x9ca <OLED_init+0x6>
     9d2:	00 c0       	rjmp	.+0      	; 0x9d4 <OLED_init+0x10>
     9d4:	00 00       	nop

void OLED_init(void)
{
	_delay_ms(100);

	OLED_command(0xAE);							// Display OFF
     9d6:	8e ea       	ldi	r24, 0xAE	; 174
     9d8:	0e 94 c0 04 	call	0x980	; 0x980 <OLED_command>
	OLED_command(0xD5);							// Set display clock
     9dc:	85 ed       	ldi	r24, 0xD5	; 213
     9de:	0e 94 c0 04 	call	0x980	; 0x980 <OLED_command>
	OLED_command(0x80);
     9e2:	80 e8       	ldi	r24, 0x80	; 128
     9e4:	0e 94 c0 04 	call	0x980	; 0x980 <OLED_command>

	OLED_command(0xA8);							// Set multiplex
     9e8:	88 ea       	ldi	r24, 0xA8	; 168
     9ea:	0e 94 c0 04 	call	0x980	; 0x980 <OLED_command>
	OLED_command(0x3F);
     9ee:	8f e3       	ldi	r24, 0x3F	; 63
     9f0:	0e 94 c0 04 	call	0x980	; 0x980 <OLED_command>

	OLED_command(0xD3);							// Display offset
     9f4:	83 ed       	ldi	r24, 0xD3	; 211
     9f6:	0e 94 c0 04 	call	0x980	; 0x980 <OLED_command>
	OLED_command(0x00);
     9fa:	80 e0       	ldi	r24, 0x00	; 0
     9fc:	0e 94 c0 04 	call	0x980	; 0x980 <OLED_command>

	OLED_command(0x40);							// Start line
     a00:	80 e4       	ldi	r24, 0x40	; 64
     a02:	0e 94 c0 04 	call	0x980	; 0x980 <OLED_command>

	OLED_command(0x8D);							// Charge pump
     a06:	8d e8       	ldi	r24, 0x8D	; 141
     a08:	0e 94 c0 04 	call	0x980	; 0x980 <OLED_command>
	OLED_command(0x14);
     a0c:	84 e1       	ldi	r24, 0x14	; 20
     a0e:	0e 94 c0 04 	call	0x980	; 0x980 <OLED_command>

	OLED_command(0x20);							// Memory mode
     a12:	80 e2       	ldi	r24, 0x20	; 32
     a14:	0e 94 c0 04 	call	0x980	; 0x980 <OLED_command>
	OLED_command(0x00);
     a18:	80 e0       	ldi	r24, 0x00	; 0
     a1a:	0e 94 c0 04 	call	0x980	; 0x980 <OLED_command>

	OLED_command(0xA1);							// Segment remap
     a1e:	81 ea       	ldi	r24, 0xA1	; 161
     a20:	0e 94 c0 04 	call	0x980	; 0x980 <OLED_command>
	OLED_command(0xC8);							// COM scan direction
     a24:	88 ec       	ldi	r24, 0xC8	; 200
     a26:	0e 94 c0 04 	call	0x980	; 0x980 <OLED_command>

	OLED_command(0xDA);							// COM pins
     a2a:	8a ed       	ldi	r24, 0xDA	; 218
     a2c:	0e 94 c0 04 	call	0x980	; 0x980 <OLED_command>
	OLED_command(0x12);
     a30:	82 e1       	ldi	r24, 0x12	; 18
     a32:	0e 94 c0 04 	call	0x980	; 0x980 <OLED_command>

	OLED_command(0x81);							// Contrast
     a36:	81 e8       	ldi	r24, 0x81	; 129
     a38:	0e 94 c0 04 	call	0x980	; 0x980 <OLED_command>
	OLED_command(0xCF);
     a3c:	8f ec       	ldi	r24, 0xCF	; 207
     a3e:	0e 94 c0 04 	call	0x980	; 0x980 <OLED_command>

	OLED_command(0xD9);							// Pre-charge
     a42:	89 ed       	ldi	r24, 0xD9	; 217
     a44:	0e 94 c0 04 	call	0x980	; 0x980 <OLED_command>
	OLED_command(0xF1);
     a48:	81 ef       	ldi	r24, 0xF1	; 241
     a4a:	0e 94 c0 04 	call	0x980	; 0x980 <OLED_command>

	OLED_command(0xDB);							// VCOM detect
     a4e:	8b ed       	ldi	r24, 0xDB	; 219
     a50:	0e 94 c0 04 	call	0x980	; 0x980 <OLED_command>
	OLED_command(0x40);
     a54:	80 e4       	ldi	r24, 0x40	; 64
     a56:	0e 94 c0 04 	call	0x980	; 0x980 <OLED_command>

	OLED_command(0xA4);							// Resume RAM display
     a5a:	84 ea       	ldi	r24, 0xA4	; 164
     a5c:	0e 94 c0 04 	call	0x980	; 0x980 <OLED_command>
	OLED_command(0xA6);							// Normal display
     a60:	86 ea       	ldi	r24, 0xA6	; 166
     a62:	0e 94 c0 04 	call	0x980	; 0x980 <OLED_command>

	OLED_command(0xAF);							// Display ON
     a66:	8f ea       	ldi	r24, 0xAF	; 175
     a68:	0e 94 c0 04 	call	0x980	; 0x980 <OLED_command>
     a6c:	08 95       	ret

00000a6e <OLED_setCursor>:

	OLED_setCursor(0,0);
}

void OLED_setCursor(uint8_t x, uint8_t page)
{
     a6e:	cf 93       	push	r28
     a70:	c8 2f       	mov	r28, r24
	OLED_command(0xB0 + page);					// Page address
     a72:	80 eb       	ldi	r24, 0xB0	; 176
     a74:	86 0f       	add	r24, r22
     a76:	0e 94 c0 04 	call	0x980	; 0x980 <OLED_command>
	OLED_command(0x00 + (x & 0x0F));			// Lower column
     a7a:	8c 2f       	mov	r24, r28
     a7c:	8f 70       	andi	r24, 0x0F	; 15
     a7e:	0e 94 c0 04 	call	0x980	; 0x980 <OLED_command>
	OLED_command(0x10 + ((x >> 4) & 0x0F));		// Higher column
     a82:	8c 2f       	mov	r24, r28
     a84:	82 95       	swap	r24
     a86:	8f 70       	andi	r24, 0x0F	; 15
     a88:	80 5f       	subi	r24, 0xF0	; 240
     a8a:	0e 94 c0 04 	call	0x980	; 0x980 <OLED_command>
}
     a8e:	cf 91       	pop	r28
     a90:	08 95       	ret

00000a92 <OLED_clear>:

	OLED_command(0xAF);							// Display ON
}

void OLED_clear(void)
{
     a92:	cf 93       	push	r28
     a94:	df 93       	push	r29
	uint8_t page, col;

	for(page = 0; page < 8; page++)
     a96:	d0 e0       	ldi	r29, 0x00	; 0
     a98:	17 c0       	rjmp	.+46     	; 0xac8 <OLED_clear+0x36>
	{
		OLED_setCursor(0, page);
     a9a:	6d 2f       	mov	r22, r29
     a9c:	80 e0       	ldi	r24, 0x00	; 0
     a9e:	0e 94 37 05 	call	0xa6e	; 0xa6e <OLED_setCursor>

		I2C_start();
     aa2:	0e 94 2a 04 	call	0x854	; 0x854 <I2C_start>
		I2C_write((OLED_ADDR << 1) | 0);
     aa6:	88 e7       	ldi	r24, 0x78	; 120
     aa8:	0e 94 36 04 	call	0x86c	; 0x86c <I2C_write>
		I2C_write(0x40);
     aac:	80 e4       	ldi	r24, 0x40	; 64
     aae:	0e 94 36 04 	call	0x86c	; 0x86c <I2C_write>

		for(col = 0; col < 128; col++)
     ab2:	c0 e0       	ldi	r28, 0x00	; 0
     ab4:	04 c0       	rjmp	.+8      	; 0xabe <OLED_clear+0x2c>
		{
			I2C_write(0x00);
     ab6:	80 e0       	ldi	r24, 0x00	; 0
     ab8:	0e 94 36 04 	call	0x86c	; 0x86c <I2C_write>

		I2C_start();
		I2C_write((OLED_ADDR << 1) | 0);
		I2C_write(0x40);

		for(col = 0; col < 128; col++)
     abc:	cf 5f       	subi	r28, 0xFF	; 255
     abe:	cc 23       	and	r28, r28
     ac0:	d4 f7       	brge	.-12     	; 0xab6 <OLED_clear+0x24>
		{
			I2C_write(0x00);
		}

		I2C_stop();
     ac2:	0e 94 32 04 	call	0x864	; 0x864 <I2C_stop>

void OLED_clear(void)
{
	uint8_t page, col;

	for(page = 0; page < 8; page++)
     ac6:	df 5f       	subi	r29, 0xFF	; 255
     ac8:	d8 30       	cpi	r29, 0x08	; 8
     aca:	38 f3       	brcs	.-50     	; 0xa9a <OLED_clear+0x8>
		}

		I2C_stop();
	}

	OLED_setCursor(0,0);
     acc:	60 e0       	ldi	r22, 0x00	; 0
     ace:	80 e0       	ldi	r24, 0x00	; 0
     ad0:	0e 94 37 05 	call	0xa6e	; 0xa6e <OLED_setCursor>
}
     ad4:	df 91       	pop	r29
     ad6:	cf 91       	pop	r28
     ad8:	08 95       	ret

00000ada <OLED_char>:
	OLED_command(0x00 + (x & 0x0F));			// Lower column
	OLED_command(0x10 + ((x >> 4) & 0x0F));		// Higher column
}

void OLED_char(char ch)
{
     ada:	ff 92       	push	r15
     adc:	0f 93       	push	r16
     ade:	1f 93       	push	r17
     ae0:	cf 93       	push	r28
     ae2:	df 93       	push	r29
     ae4:	cd b7       	in	r28, 0x3d	; 61
     ae6:	de b7       	in	r29, 0x3e	; 62
     ae8:	c4 5e       	subi	r28, 0xE4	; 228
     aea:	d2 40       	sbci	r29, 0x02	; 2
     aec:	0f b6       	in	r0, 0x3f	; 63
     aee:	f8 94       	cli
     af0:	de bf       	out	0x3e, r29	; 62
     af2:	0f be       	out	0x3f, r0	; 63
     af4:	cd bf       	out	0x3d, r28	; 61
     af6:	18 2f       	mov	r17, r24
	uint8_t i;

	const uint8_t font[96][5] =
     af8:	fe 01       	movw	r30, r28
     afa:	31 96       	adiw	r30, 0x01	; 1
     afc:	80 ee       	ldi	r24, 0xE0	; 224
     afe:	91 e0       	ldi	r25, 0x01	; 1
     b00:	df 01       	movw	r26, r30
     b02:	9c 01       	movw	r18, r24
     b04:	1d 92       	st	X+, r1
     b06:	21 50       	subi	r18, 0x01	; 1
     b08:	30 40       	sbci	r19, 0x00	; 0
     b0a:	e1 f7       	brne	.-8      	; 0xb04 <OLED_char+0x2a>
     b0c:	8f e5       	ldi	r24, 0x5F	; 95
     b0e:	88 87       	std	Y+8, r24	; 0x08
     b10:	87 e0       	ldi	r24, 0x07	; 7
     b12:	8c 87       	std	Y+12, r24	; 0x0c
     b14:	8e 87       	std	Y+14, r24	; 0x0e
     b16:	24 e1       	ldi	r18, 0x14	; 20
     b18:	28 8b       	std	Y+16, r18	; 0x10
     b1a:	4f e7       	ldi	r20, 0x7F	; 127
     b1c:	49 8b       	std	Y+17, r20	; 0x11
     b1e:	2a 8b       	std	Y+18, r18	; 0x12
     b20:	4b 8b       	std	Y+19, r20	; 0x13
     b22:	2c 8b       	std	Y+20, r18	; 0x14
     b24:	84 e2       	ldi	r24, 0x24	; 36
     b26:	8d 8b       	std	Y+21, r24	; 0x15
     b28:	8a e2       	ldi	r24, 0x2A	; 42
     b2a:	8e 8b       	std	Y+22, r24	; 0x16
     b2c:	4f 8b       	std	Y+23, r20	; 0x17
     b2e:	88 8f       	std	Y+24, r24	; 0x18
     b30:	b2 e1       	ldi	r27, 0x12	; 18
     b32:	b9 8f       	std	Y+25, r27	; 0x19
     b34:	83 e2       	ldi	r24, 0x23	; 35
     b36:	8a 8f       	std	Y+26, r24	; 0x1a
     b38:	83 e1       	ldi	r24, 0x13	; 19
     b3a:	8b 8f       	std	Y+27, r24	; 0x1b
     b3c:	88 e0       	ldi	r24, 0x08	; 8
     b3e:	8c 8f       	std	Y+28, r24	; 0x1c
     b40:	94 e6       	ldi	r25, 0x64	; 100
     b42:	9d 8f       	std	Y+29, r25	; 0x1d
     b44:	92 e6       	ldi	r25, 0x62	; 98
     b46:	9e 8f       	std	Y+30, r25	; 0x1e
     b48:	36 e3       	ldi	r19, 0x36	; 54
     b4a:	3f 8f       	std	Y+31, r19	; 0x1f
     b4c:	99 e4       	ldi	r25, 0x49	; 73
     b4e:	98 a3       	std	Y+32, r25	; 0x20
     b50:	55 e5       	ldi	r21, 0x55	; 85
     b52:	59 a3       	std	Y+33, r21	; 0x21
     b54:	52 e2       	ldi	r21, 0x22	; 34
     b56:	5a a3       	std	Y+34, r21	; 0x22
     b58:	f0 e5       	ldi	r31, 0x50	; 80
     b5a:	fb a3       	std	Y+35, r31	; 0x23
     b5c:	e5 e0       	ldi	r30, 0x05	; 5
     b5e:	ed a3       	std	Y+37, r30	; 0x25
     b60:	73 e0       	ldi	r23, 0x03	; 3
     b62:	7e a3       	std	Y+38, r23	; 0x26
     b64:	ac e1       	ldi	r26, 0x1C	; 28
     b66:	aa a7       	std	Y+42, r26	; 0x2a
     b68:	5b a7       	std	Y+43, r21	; 0x2b
     b6a:	61 e4       	ldi	r22, 0x41	; 65
     b6c:	6c a7       	std	Y+44, r22	; 0x2c
     b6e:	6f a7       	std	Y+47, r22	; 0x2f
     b70:	58 ab       	std	Y+48, r21	; 0x30
     b72:	a9 ab       	std	Y+49, r26	; 0x31
     b74:	2b ab       	std	Y+51, r18	; 0x33
     b76:	8c ab       	std	Y+52, r24	; 0x34
     b78:	5e e3       	ldi	r21, 0x3E	; 62
     b7a:	5d ab       	std	Y+53, r21	; 0x35
     b7c:	8e ab       	std	Y+54, r24	; 0x36
     b7e:	2f ab       	std	Y+55, r18	; 0x37
     b80:	88 af       	std	Y+56, r24	; 0x38
     b82:	89 af       	std	Y+57, r24	; 0x39
     b84:	5a af       	std	Y+58, r21	; 0x3a
     b86:	8b af       	std	Y+59, r24	; 0x3b
     b88:	8c af       	std	Y+60, r24	; 0x3c
     b8a:	fe af       	std	Y+62, r31	; 0x3e
     b8c:	f0 e3       	ldi	r31, 0x30	; 48
     b8e:	ff af       	std	Y+63, r31	; 0x3f
     b90:	23 96       	adiw	r28, 0x03	; 3
     b92:	8f af       	std	Y+63, r24	; 0x3f
     b94:	23 97       	sbiw	r28, 0x03	; 3
     b96:	24 96       	adiw	r28, 0x04	; 4
     b98:	8f af       	std	Y+63, r24	; 0x3f
     b9a:	24 97       	sbiw	r28, 0x04	; 4
     b9c:	25 96       	adiw	r28, 0x05	; 5
     b9e:	8f af       	std	Y+63, r24	; 0x3f
     ba0:	25 97       	sbiw	r28, 0x05	; 5
     ba2:	26 96       	adiw	r28, 0x06	; 6
     ba4:	8f af       	std	Y+63, r24	; 0x3f
     ba6:	26 97       	sbiw	r28, 0x06	; 6
     ba8:	27 96       	adiw	r28, 0x07	; 7
     baa:	8f af       	std	Y+63, r24	; 0x3f
     bac:	27 97       	sbiw	r28, 0x07	; 7
     bae:	a0 e6       	ldi	r26, 0x60	; 96
     bb0:	29 96       	adiw	r28, 0x09	; 9
     bb2:	af af       	std	Y+63, r26	; 0x3f
     bb4:	29 97       	sbiw	r28, 0x09	; 9
     bb6:	2a 96       	adiw	r28, 0x0a	; 10
     bb8:	af af       	std	Y+63, r26	; 0x3f
     bba:	2a 97       	sbiw	r28, 0x0a	; 10
     bbc:	a0 e2       	ldi	r26, 0x20	; 32
     bbe:	2d 96       	adiw	r28, 0x0d	; 13
     bc0:	af af       	std	Y+63, r26	; 0x3f
     bc2:	2d 97       	sbiw	r28, 0x0d	; 13
     bc4:	a0 e1       	ldi	r26, 0x10	; 16
     bc6:	2e 96       	adiw	r28, 0x0e	; 14
     bc8:	af af       	std	Y+63, r26	; 0x3f
     bca:	2e 97       	sbiw	r28, 0x0e	; 14
     bcc:	2f 96       	adiw	r28, 0x0f	; 15
     bce:	8f af       	std	Y+63, r24	; 0x3f
     bd0:	2f 97       	sbiw	r28, 0x0f	; 15
     bd2:	84 e0       	ldi	r24, 0x04	; 4
     bd4:	60 96       	adiw	r28, 0x10	; 16
     bd6:	8f af       	std	Y+63, r24	; 0x3f
     bd8:	60 97       	sbiw	r28, 0x10	; 16
     bda:	82 e0       	ldi	r24, 0x02	; 2
     bdc:	61 96       	adiw	r28, 0x11	; 17
     bde:	8f af       	std	Y+63, r24	; 0x3f
     be0:	61 97       	sbiw	r28, 0x11	; 17
     be2:	62 96       	adiw	r28, 0x12	; 18
     be4:	5f af       	std	Y+63, r21	; 0x3f
     be6:	62 97       	sbiw	r28, 0x12	; 18
     be8:	01 e5       	ldi	r16, 0x51	; 81
     bea:	63 96       	adiw	r28, 0x13	; 19
     bec:	0f af       	std	Y+63, r16	; 0x3f
     bee:	63 97       	sbiw	r28, 0x13	; 19
     bf0:	64 96       	adiw	r28, 0x14	; 20
     bf2:	9f af       	std	Y+63, r25	; 0x3f
     bf4:	64 97       	sbiw	r28, 0x14	; 20
     bf6:	85 e4       	ldi	r24, 0x45	; 69
     bf8:	65 96       	adiw	r28, 0x15	; 21
     bfa:	8f af       	std	Y+63, r24	; 0x3f
     bfc:	65 97       	sbiw	r28, 0x15	; 21
     bfe:	66 96       	adiw	r28, 0x16	; 22
     c00:	5f af       	std	Y+63, r21	; 0x3f
     c02:	66 97       	sbiw	r28, 0x16	; 22
     c04:	52 e4       	ldi	r21, 0x42	; 66
     c06:	68 96       	adiw	r28, 0x18	; 24
     c08:	5f af       	std	Y+63, r21	; 0x3f
     c0a:	68 97       	sbiw	r28, 0x18	; 24
     c0c:	69 96       	adiw	r28, 0x19	; 25
     c0e:	4f af       	std	Y+63, r20	; 0x3f
     c10:	69 97       	sbiw	r28, 0x19	; 25
     c12:	68 94       	set
     c14:	ff 24       	eor	r15, r15
     c16:	f6 f8       	bld	r15, 6
     c18:	6a 96       	adiw	r28, 0x1a	; 26
     c1a:	ff ae       	std	Y+63, r15	; 0x3f
     c1c:	6a 97       	sbiw	r28, 0x1a	; 26
     c1e:	6c 96       	adiw	r28, 0x1c	; 28
     c20:	5f af       	std	Y+63, r21	; 0x3f
     c22:	6c 97       	sbiw	r28, 0x1c	; 28
     c24:	51 e6       	ldi	r21, 0x61	; 97
     c26:	6d 96       	adiw	r28, 0x1d	; 29
     c28:	5f af       	std	Y+63, r21	; 0x3f
     c2a:	6d 97       	sbiw	r28, 0x1d	; 29
     c2c:	6e 96       	adiw	r28, 0x1e	; 30
     c2e:	0f af       	std	Y+63, r16	; 0x3f
     c30:	6e 97       	sbiw	r28, 0x1e	; 30
     c32:	6f 96       	adiw	r28, 0x1f	; 31
     c34:	9f af       	std	Y+63, r25	; 0x3f
     c36:	6f 97       	sbiw	r28, 0x1f	; 31
     c38:	56 e4       	ldi	r21, 0x46	; 70
     c3a:	a0 96       	adiw	r28, 0x20	; 32
     c3c:	5f af       	std	Y+63, r21	; 0x3f
     c3e:	a0 97       	sbiw	r28, 0x20	; 32
     c40:	51 e2       	ldi	r21, 0x21	; 33
     c42:	a1 96       	adiw	r28, 0x21	; 33
     c44:	5f af       	std	Y+63, r21	; 0x3f
     c46:	a1 97       	sbiw	r28, 0x21	; 33
     c48:	a2 96       	adiw	r28, 0x22	; 34
     c4a:	6f af       	std	Y+63, r22	; 0x3f
     c4c:	a2 97       	sbiw	r28, 0x22	; 34
     c4e:	a3 96       	adiw	r28, 0x23	; 35
     c50:	8f af       	std	Y+63, r24	; 0x3f
     c52:	a3 97       	sbiw	r28, 0x23	; 35
     c54:	5b e4       	ldi	r21, 0x4B	; 75
     c56:	a4 96       	adiw	r28, 0x24	; 36
     c58:	5f af       	std	Y+63, r21	; 0x3f
     c5a:	a4 97       	sbiw	r28, 0x24	; 36
     c5c:	51 e3       	ldi	r21, 0x31	; 49
     c5e:	a5 96       	adiw	r28, 0x25	; 37
     c60:	5f af       	std	Y+63, r21	; 0x3f
     c62:	a5 97       	sbiw	r28, 0x25	; 37
     c64:	58 e1       	ldi	r21, 0x18	; 24
     c66:	a6 96       	adiw	r28, 0x26	; 38
     c68:	5f af       	std	Y+63, r21	; 0x3f
     c6a:	a6 97       	sbiw	r28, 0x26	; 38
     c6c:	a7 96       	adiw	r28, 0x27	; 39
     c6e:	2f af       	std	Y+63, r18	; 0x3f
     c70:	a7 97       	sbiw	r28, 0x27	; 39
     c72:	a8 96       	adiw	r28, 0x28	; 40
     c74:	bf af       	std	Y+63, r27	; 0x3f
     c76:	a8 97       	sbiw	r28, 0x28	; 40
     c78:	a9 96       	adiw	r28, 0x29	; 41
     c7a:	4f af       	std	Y+63, r20	; 0x3f
     c7c:	a9 97       	sbiw	r28, 0x29	; 41
     c7e:	aa 96       	adiw	r28, 0x2a	; 42
     c80:	af af       	std	Y+63, r26	; 0x3f
     c82:	aa 97       	sbiw	r28, 0x2a	; 42
     c84:	27 e2       	ldi	r18, 0x27	; 39
     c86:	ab 96       	adiw	r28, 0x2b	; 43
     c88:	2f af       	std	Y+63, r18	; 0x3f
     c8a:	ab 97       	sbiw	r28, 0x2b	; 43
     c8c:	ac 96       	adiw	r28, 0x2c	; 44
     c8e:	8f af       	std	Y+63, r24	; 0x3f
     c90:	ac 97       	sbiw	r28, 0x2c	; 44
     c92:	ad 96       	adiw	r28, 0x2d	; 45
     c94:	8f af       	std	Y+63, r24	; 0x3f
     c96:	ad 97       	sbiw	r28, 0x2d	; 45
     c98:	ae 96       	adiw	r28, 0x2e	; 46
     c9a:	8f af       	std	Y+63, r24	; 0x3f
     c9c:	ae 97       	sbiw	r28, 0x2e	; 46
     c9e:	89 e3       	ldi	r24, 0x39	; 57
     ca0:	af 96       	adiw	r28, 0x2f	; 47
     ca2:	8f af       	std	Y+63, r24	; 0x3f
     ca4:	af 97       	sbiw	r28, 0x2f	; 47
     ca6:	8c e3       	ldi	r24, 0x3C	; 60
     ca8:	e0 96       	adiw	r28, 0x30	; 48
     caa:	8f af       	std	Y+63, r24	; 0x3f
     cac:	e0 97       	sbiw	r28, 0x30	; 48
     cae:	8a e4       	ldi	r24, 0x4A	; 74
     cb0:	e1 96       	adiw	r28, 0x31	; 49
     cb2:	8f af       	std	Y+63, r24	; 0x3f
     cb4:	e1 97       	sbiw	r28, 0x31	; 49
     cb6:	e2 96       	adiw	r28, 0x32	; 50
     cb8:	9f af       	std	Y+63, r25	; 0x3f
     cba:	e2 97       	sbiw	r28, 0x32	; 50
     cbc:	e3 96       	adiw	r28, 0x33	; 51
     cbe:	9f af       	std	Y+63, r25	; 0x3f
     cc0:	e3 97       	sbiw	r28, 0x33	; 51
     cc2:	e4 96       	adiw	r28, 0x34	; 52
     cc4:	ff af       	std	Y+63, r31	; 0x3f
     cc6:	e4 97       	sbiw	r28, 0x34	; 52
     cc8:	81 e0       	ldi	r24, 0x01	; 1
     cca:	e5 96       	adiw	r28, 0x35	; 53
     ccc:	8f af       	std	Y+63, r24	; 0x3f
     cce:	e5 97       	sbiw	r28, 0x35	; 53
     cd0:	81 e7       	ldi	r24, 0x71	; 113
     cd2:	e6 96       	adiw	r28, 0x36	; 54
     cd4:	8f af       	std	Y+63, r24	; 0x3f
     cd6:	e6 97       	sbiw	r28, 0x36	; 54
     cd8:	89 e0       	ldi	r24, 0x09	; 9
     cda:	e7 96       	adiw	r28, 0x37	; 55
     cdc:	8f af       	std	Y+63, r24	; 0x3f
     cde:	e7 97       	sbiw	r28, 0x37	; 55
     ce0:	e8 96       	adiw	r28, 0x38	; 56
     ce2:	ef af       	std	Y+63, r30	; 0x3f
     ce4:	e8 97       	sbiw	r28, 0x38	; 56
     ce6:	e9 96       	adiw	r28, 0x39	; 57
     ce8:	7f af       	std	Y+63, r23	; 0x3f
     cea:	e9 97       	sbiw	r28, 0x39	; 57
     cec:	ea 96       	adiw	r28, 0x3a	; 58
     cee:	3f af       	std	Y+63, r19	; 0x3f
     cf0:	ea 97       	sbiw	r28, 0x3a	; 58
     cf2:	eb 96       	adiw	r28, 0x3b	; 59
     cf4:	9f af       	std	Y+63, r25	; 0x3f
     cf6:	eb 97       	sbiw	r28, 0x3b	; 59
     cf8:	ec 96       	adiw	r28, 0x3c	; 60
     cfa:	9f af       	std	Y+63, r25	; 0x3f
     cfc:	ec 97       	sbiw	r28, 0x3c	; 60
     cfe:	ed 96       	adiw	r28, 0x3d	; 61
     d00:	9f af       	std	Y+63, r25	; 0x3f
     d02:	ed 97       	sbiw	r28, 0x3d	; 61
     d04:	ee 96       	adiw	r28, 0x3e	; 62
     d06:	3f af       	std	Y+63, r19	; 0x3f
     d08:	ee 97       	sbiw	r28, 0x3e	; 62
     d0a:	86 e0       	ldi	r24, 0x06	; 6
     d0c:	ef 96       	adiw	r28, 0x3f	; 63
     d0e:	8f af       	std	Y+63, r24	; 0x3f
     d10:	ef 97       	sbiw	r28, 0x3f	; 63
     d12:	c1 58       	subi	r28, 0x81	; 129
     d14:	df 4f       	sbci	r29, 0xFF	; 255
     d16:	98 83       	st	Y, r25
     d18:	cf 57       	subi	r28, 0x7F	; 127
     d1a:	d0 40       	sbci	r29, 0x00	; 0
     d1c:	c0 58       	subi	r28, 0x80	; 128
     d1e:	df 4f       	sbci	r29, 0xFF	; 255
     d20:	98 83       	st	Y, r25
     d22:	c0 58       	subi	r28, 0x80	; 128
     d24:	d0 40       	sbci	r29, 0x00	; 0
     d26:	89 e2       	ldi	r24, 0x29	; 41
     d28:	cf 57       	subi	r28, 0x7F	; 127
     d2a:	df 4f       	sbci	r29, 0xFF	; 255
     d2c:	88 83       	st	Y, r24
     d2e:	c1 58       	subi	r28, 0x81	; 129
     d30:	d0 40       	sbci	r29, 0x00	; 0
     d32:	8e e1       	ldi	r24, 0x1E	; 30
     d34:	ce 57       	subi	r28, 0x7E	; 126
     d36:	df 4f       	sbci	r29, 0xFF	; 255
     d38:	88 83       	st	Y, r24
     d3a:	c2 58       	subi	r28, 0x82	; 130
     d3c:	d0 40       	sbci	r29, 0x00	; 0
     d3e:	cc 57       	subi	r28, 0x7C	; 124
     d40:	df 4f       	sbci	r29, 0xFF	; 255
     d42:	38 83       	st	Y, r19
     d44:	c4 58       	subi	r28, 0x84	; 132
     d46:	d0 40       	sbci	r29, 0x00	; 0
     d48:	cb 57       	subi	r28, 0x7B	; 123
     d4a:	df 4f       	sbci	r29, 0xFF	; 255
     d4c:	38 83       	st	Y, r19
     d4e:	c5 58       	subi	r28, 0x85	; 133
     d50:	d0 40       	sbci	r29, 0x00	; 0

		{0x00,0x36,0x36,0x00,0x00}, // :
	};

	// A-Z
	const uint8_t upper[26][5] =
     d52:	82 e8       	ldi	r24, 0x82	; 130
     d54:	e0 e0       	ldi	r30, 0x00	; 0
     d56:	f1 e0       	ldi	r31, 0x01	; 1
     d58:	de 01       	movw	r26, r28
     d5a:	af 51       	subi	r26, 0x1F	; 31
     d5c:	be 4f       	sbci	r27, 0xFE	; 254
     d5e:	01 90       	ld	r0, Z+
     d60:	0d 92       	st	X+, r0
     d62:	8a 95       	dec	r24
     d64:	e1 f7       	brne	.-8      	; 0xd5e <OLED_char+0x284>
		{0x07,0x08,0x70,0x08,0x07}, // Y
		{0x61,0x51,0x49,0x45,0x43}  // Z
	};

	// a-z
	const uint8_t lower[26][5] =
     d66:	82 e8       	ldi	r24, 0x82	; 130
     d68:	e2 e8       	ldi	r30, 0x82	; 130
     d6a:	f1 e0       	ldi	r31, 0x01	; 1
     d6c:	de 01       	movw	r26, r28
     d6e:	ad 59       	subi	r26, 0x9D	; 157
     d70:	bd 4f       	sbci	r27, 0xFD	; 253
     d72:	01 90       	ld	r0, Z+
     d74:	0d 92       	st	X+, r0
     d76:	8a 95       	dec	r24
     d78:	e1 f7       	brne	.-8      	; 0xd72 <OLED_char+0x298>
		{0x44,0x28,0x10,0x28,0x44}, // x
		{0x0C,0x50,0x50,0x50,0x3C}, // y
		{0x44,0x64,0x54,0x4C,0x44}  // z
	};

	if(ch >= 'A' && ch <= 'Z')
     d7a:	8f eb       	ldi	r24, 0xBF	; 191
     d7c:	81 0f       	add	r24, r17
     d7e:	8a 31       	cpi	r24, 0x1A	; 26
     d80:	c8 f0       	brcs	.+50     	; 0xdb4 <OLED_char+0x2da>
     d82:	1c c0       	rjmp	.+56     	; 0xdbc <OLED_char+0x2e2>
	{
		for(i = 0; i < 5; i++)
		OLED_data(upper[ch - 'A'][i]);
     d84:	81 2f       	mov	r24, r17
     d86:	90 e0       	ldi	r25, 0x00	; 0
     d88:	81 54       	subi	r24, 0x41	; 65
     d8a:	91 09       	sbc	r25, r1
     d8c:	fc 01       	movw	r30, r24
     d8e:	ee 0f       	add	r30, r30
     d90:	ff 1f       	adc	r31, r31
     d92:	ee 0f       	add	r30, r30
     d94:	ff 1f       	adc	r31, r31
     d96:	e8 0f       	add	r30, r24
     d98:	f9 1f       	adc	r31, r25
     d9a:	81 ee       	ldi	r24, 0xE1	; 225
     d9c:	91 e0       	ldi	r25, 0x01	; 1
     d9e:	8c 0f       	add	r24, r28
     da0:	9d 1f       	adc	r25, r29
     da2:	e8 0f       	add	r30, r24
     da4:	f9 1f       	adc	r31, r25
     da6:	e0 0f       	add	r30, r16
     da8:	f1 1d       	adc	r31, r1
     daa:	80 81       	ld	r24, Z
     dac:	0e 94 d1 04 	call	0x9a2	; 0x9a2 <OLED_data>
		{0x44,0x64,0x54,0x4C,0x44}  // z
	};

	if(ch >= 'A' && ch <= 'Z')
	{
		for(i = 0; i < 5; i++)
     db0:	0f 5f       	subi	r16, 0xFF	; 255
     db2:	01 c0       	rjmp	.+2      	; 0xdb6 <OLED_char+0x2dc>
     db4:	00 e0       	ldi	r16, 0x00	; 0
     db6:	05 30       	cpi	r16, 0x05	; 5
     db8:	28 f3       	brcs	.-54     	; 0xd84 <OLED_char+0x2aa>
     dba:	48 c0       	rjmp	.+144    	; 0xe4c <OLED_char+0x372>
		OLED_data(upper[ch - 'A'][i]);
	}

	else if(ch >= 'a' && ch <= 'z')
     dbc:	8f e9       	ldi	r24, 0x9F	; 159
     dbe:	81 0f       	add	r24, r17
     dc0:	8a 31       	cpi	r24, 0x1A	; 26
     dc2:	c8 f0       	brcs	.+50     	; 0xdf6 <OLED_char+0x31c>
     dc4:	1c c0       	rjmp	.+56     	; 0xdfe <OLED_char+0x324>
	{
		for(i = 0; i < 5; i++)
		OLED_data(lower[ch - 'a'][i]);
     dc6:	81 2f       	mov	r24, r17
     dc8:	90 e0       	ldi	r25, 0x00	; 0
     dca:	81 56       	subi	r24, 0x61	; 97
     dcc:	91 09       	sbc	r25, r1
     dce:	fc 01       	movw	r30, r24
     dd0:	ee 0f       	add	r30, r30
     dd2:	ff 1f       	adc	r31, r31
     dd4:	ee 0f       	add	r30, r30
     dd6:	ff 1f       	adc	r31, r31
     dd8:	e8 0f       	add	r30, r24
     dda:	f9 1f       	adc	r31, r25
     ddc:	a3 e6       	ldi	r26, 0x63	; 99
     dde:	b2 e0       	ldi	r27, 0x02	; 2
     de0:	ac 0f       	add	r26, r28
     de2:	bd 1f       	adc	r27, r29
     de4:	ea 0f       	add	r30, r26
     de6:	fb 1f       	adc	r31, r27
     de8:	e0 0f       	add	r30, r16
     dea:	f1 1d       	adc	r31, r1
     dec:	80 81       	ld	r24, Z
     dee:	0e 94 d1 04 	call	0x9a2	; 0x9a2 <OLED_data>
		OLED_data(upper[ch - 'A'][i]);
	}

	else if(ch >= 'a' && ch <= 'z')
	{
		for(i = 0; i < 5; i++)
     df2:	0f 5f       	subi	r16, 0xFF	; 255
     df4:	01 c0       	rjmp	.+2      	; 0xdf8 <OLED_char+0x31e>
     df6:	00 e0       	ldi	r16, 0x00	; 0
     df8:	05 30       	cpi	r16, 0x05	; 5
     dfa:	28 f3       	brcs	.-54     	; 0xdc6 <OLED_char+0x2ec>
     dfc:	27 c0       	rjmp	.+78     	; 0xe4c <OLED_char+0x372>
		OLED_data(lower[ch - 'a'][i]);
	}

	else if(ch >= ' ' && ch <= ':')
     dfe:	80 ee       	ldi	r24, 0xE0	; 224
     e00:	81 0f       	add	r24, r17
     e02:	8b 31       	cpi	r24, 0x1B	; 27
     e04:	c8 f0       	brcs	.+50     	; 0xe38 <OLED_char+0x35e>
     e06:	10 e0       	ldi	r17, 0x00	; 0
     e08:	1f c0       	rjmp	.+62     	; 0xe48 <OLED_char+0x36e>
	{
		for(i = 0; i < 5; i++)
		OLED_data(font[ch - ' '][i]);
     e0a:	81 2f       	mov	r24, r17
     e0c:	90 e0       	ldi	r25, 0x00	; 0
     e0e:	80 97       	sbiw	r24, 0x20	; 32
     e10:	fc 01       	movw	r30, r24
     e12:	ee 0f       	add	r30, r30
     e14:	ff 1f       	adc	r31, r31
     e16:	ee 0f       	add	r30, r30
     e18:	ff 1f       	adc	r31, r31
     e1a:	e8 0f       	add	r30, r24
     e1c:	f9 1f       	adc	r31, r25
     e1e:	21 e0       	ldi	r18, 0x01	; 1
     e20:	30 e0       	ldi	r19, 0x00	; 0
     e22:	2c 0f       	add	r18, r28
     e24:	3d 1f       	adc	r19, r29
     e26:	e2 0f       	add	r30, r18
     e28:	f3 1f       	adc	r31, r19
     e2a:	e0 0f       	add	r30, r16
     e2c:	f1 1d       	adc	r31, r1
     e2e:	80 81       	ld	r24, Z
     e30:	0e 94 d1 04 	call	0x9a2	; 0x9a2 <OLED_data>
		OLED_data(lower[ch - 'a'][i]);
	}

	else if(ch >= ' ' && ch <= ':')
	{
		for(i = 0; i < 5; i++)
     e34:	0f 5f       	subi	r16, 0xFF	; 255
     e36:	01 c0       	rjmp	.+2      	; 0xe3a <OLED_char+0x360>
     e38:	00 e0       	ldi	r16, 0x00	; 0
     e3a:	05 30       	cpi	r16, 0x05	; 5
     e3c:	30 f3       	brcs	.-52     	; 0xe0a <OLED_char+0x330>
     e3e:	06 c0       	rjmp	.+12     	; 0xe4c <OLED_char+0x372>
	}

	else
	{
		for(i = 0; i < 5; i++)
		OLED_data(0x00);
     e40:	80 e0       	ldi	r24, 0x00	; 0
     e42:	0e 94 d1 04 	call	0x9a2	; 0x9a2 <OLED_data>
		OLED_data(font[ch - ' '][i]);
	}

	else
	{
		for(i = 0; i < 5; i++)
     e46:	1f 5f       	subi	r17, 0xFF	; 255
     e48:	15 30       	cpi	r17, 0x05	; 5
     e4a:	d0 f3       	brcs	.-12     	; 0xe40 <OLED_char+0x366>
		OLED_data(0x00);
	}

	OLED_data(0x00);
     e4c:	80 e0       	ldi	r24, 0x00	; 0
     e4e:	0e 94 d1 04 	call	0x9a2	; 0x9a2 <OLED_data>
}
     e52:	cc 51       	subi	r28, 0x1C	; 28
     e54:	dd 4f       	sbci	r29, 0xFD	; 253
     e56:	0f b6       	in	r0, 0x3f	; 63
     e58:	f8 94       	cli
     e5a:	de bf       	out	0x3e, r29	; 62
     e5c:	0f be       	out	0x3f, r0	; 63
     e5e:	cd bf       	out	0x3d, r28	; 61
     e60:	df 91       	pop	r29
     e62:	cf 91       	pop	r28
     e64:	1f 91       	pop	r17
     e66:	0f 91       	pop	r16
     e68:	ff 90       	pop	r15
     e6a:	08 95       	ret

00000e6c <OLED_print>:

void OLED_print(char *str)
{
     e6c:	cf 93       	push	r28
     e6e:	df 93       	push	r29
     e70:	ec 01       	movw	r28, r24
	while(*str)
     e72:	03 c0       	rjmp	.+6      	; 0xe7a <OLED_print+0xe>
	{
		OLED_char(*str++);
     e74:	21 96       	adiw	r28, 0x01	; 1
     e76:	0e 94 6d 05 	call	0xada	; 0xada <OLED_char>
	OLED_data(0x00);
}

void OLED_print(char *str)
{
	while(*str)
     e7a:	88 81       	ld	r24, Y
     e7c:	81 11       	cpse	r24, r1
     e7e:	fa cf       	rjmp	.-12     	; 0xe74 <OLED_print+0x8>
	{
		OLED_char(*str++);
	}
     e80:	df 91       	pop	r29
     e82:	cf 91       	pop	r28
     e84:	08 95       	ret

00000e86 <__subsf3>:
     e86:	50 58       	subi	r21, 0x80	; 128

00000e88 <__addsf3>:
     e88:	bb 27       	eor	r27, r27
     e8a:	aa 27       	eor	r26, r26
     e8c:	0e 94 5b 07 	call	0xeb6	; 0xeb6 <__addsf3x>
     e90:	0c 94 d5 08 	jmp	0x11aa	; 0x11aa <__fp_round>
     e94:	0e 94 c7 08 	call	0x118e	; 0x118e <__fp_pscA>
     e98:	38 f0       	brcs	.+14     	; 0xea8 <__addsf3+0x20>
     e9a:	0e 94 ce 08 	call	0x119c	; 0x119c <__fp_pscB>
     e9e:	20 f0       	brcs	.+8      	; 0xea8 <__addsf3+0x20>
     ea0:	39 f4       	brne	.+14     	; 0xeb0 <__addsf3+0x28>
     ea2:	9f 3f       	cpi	r25, 0xFF	; 255
     ea4:	19 f4       	brne	.+6      	; 0xeac <__addsf3+0x24>
     ea6:	26 f4       	brtc	.+8      	; 0xeb0 <__addsf3+0x28>
     ea8:	0c 94 c4 08 	jmp	0x1188	; 0x1188 <__fp_nan>
     eac:	0e f4       	brtc	.+2      	; 0xeb0 <__addsf3+0x28>
     eae:	e0 95       	com	r30
     eb0:	e7 fb       	bst	r30, 7
     eb2:	0c 94 be 08 	jmp	0x117c	; 0x117c <__fp_inf>

00000eb6 <__addsf3x>:
     eb6:	e9 2f       	mov	r30, r25
     eb8:	0e 94 e6 08 	call	0x11cc	; 0x11cc <__fp_split3>
     ebc:	58 f3       	brcs	.-42     	; 0xe94 <__addsf3+0xc>
     ebe:	ba 17       	cp	r27, r26
     ec0:	62 07       	cpc	r22, r18
     ec2:	73 07       	cpc	r23, r19
     ec4:	84 07       	cpc	r24, r20
     ec6:	95 07       	cpc	r25, r21
     ec8:	20 f0       	brcs	.+8      	; 0xed2 <__addsf3x+0x1c>
     eca:	79 f4       	brne	.+30     	; 0xeea <__addsf3x+0x34>
     ecc:	a6 f5       	brtc	.+104    	; 0xf36 <__addsf3x+0x80>
     ece:	0c 94 08 09 	jmp	0x1210	; 0x1210 <__fp_zero>
     ed2:	0e f4       	brtc	.+2      	; 0xed6 <__addsf3x+0x20>
     ed4:	e0 95       	com	r30
     ed6:	0b 2e       	mov	r0, r27
     ed8:	ba 2f       	mov	r27, r26
     eda:	a0 2d       	mov	r26, r0
     edc:	0b 01       	movw	r0, r22
     ede:	b9 01       	movw	r22, r18
     ee0:	90 01       	movw	r18, r0
     ee2:	0c 01       	movw	r0, r24
     ee4:	ca 01       	movw	r24, r20
     ee6:	a0 01       	movw	r20, r0
     ee8:	11 24       	eor	r1, r1
     eea:	ff 27       	eor	r31, r31
     eec:	59 1b       	sub	r21, r25
     eee:	99 f0       	breq	.+38     	; 0xf16 <__addsf3x+0x60>
     ef0:	59 3f       	cpi	r21, 0xF9	; 249
     ef2:	50 f4       	brcc	.+20     	; 0xf08 <__addsf3x+0x52>
     ef4:	50 3e       	cpi	r21, 0xE0	; 224
     ef6:	68 f1       	brcs	.+90     	; 0xf52 <__addsf3x+0x9c>
     ef8:	1a 16       	cp	r1, r26
     efa:	f0 40       	sbci	r31, 0x00	; 0
     efc:	a2 2f       	mov	r26, r18
     efe:	23 2f       	mov	r18, r19
     f00:	34 2f       	mov	r19, r20
     f02:	44 27       	eor	r20, r20
     f04:	58 5f       	subi	r21, 0xF8	; 248
     f06:	f3 cf       	rjmp	.-26     	; 0xeee <__addsf3x+0x38>
     f08:	46 95       	lsr	r20
     f0a:	37 95       	ror	r19
     f0c:	27 95       	ror	r18
     f0e:	a7 95       	ror	r26
     f10:	f0 40       	sbci	r31, 0x00	; 0
     f12:	53 95       	inc	r21
     f14:	c9 f7       	brne	.-14     	; 0xf08 <__addsf3x+0x52>
     f16:	7e f4       	brtc	.+30     	; 0xf36 <__addsf3x+0x80>
     f18:	1f 16       	cp	r1, r31
     f1a:	ba 0b       	sbc	r27, r26
     f1c:	62 0b       	sbc	r22, r18
     f1e:	73 0b       	sbc	r23, r19
     f20:	84 0b       	sbc	r24, r20
     f22:	ba f0       	brmi	.+46     	; 0xf52 <__addsf3x+0x9c>
     f24:	91 50       	subi	r25, 0x01	; 1
     f26:	a1 f0       	breq	.+40     	; 0xf50 <__addsf3x+0x9a>
     f28:	ff 0f       	add	r31, r31
     f2a:	bb 1f       	adc	r27, r27
     f2c:	66 1f       	adc	r22, r22
     f2e:	77 1f       	adc	r23, r23
     f30:	88 1f       	adc	r24, r24
     f32:	c2 f7       	brpl	.-16     	; 0xf24 <__addsf3x+0x6e>
     f34:	0e c0       	rjmp	.+28     	; 0xf52 <__addsf3x+0x9c>
     f36:	ba 0f       	add	r27, r26
     f38:	62 1f       	adc	r22, r18
     f3a:	73 1f       	adc	r23, r19
     f3c:	84 1f       	adc	r24, r20
     f3e:	48 f4       	brcc	.+18     	; 0xf52 <__addsf3x+0x9c>
     f40:	87 95       	ror	r24
     f42:	77 95       	ror	r23
     f44:	67 95       	ror	r22
     f46:	b7 95       	ror	r27
     f48:	f7 95       	ror	r31
     f4a:	9e 3f       	cpi	r25, 0xFE	; 254
     f4c:	08 f0       	brcs	.+2      	; 0xf50 <__addsf3x+0x9a>
     f4e:	b0 cf       	rjmp	.-160    	; 0xeb0 <__addsf3+0x28>
     f50:	93 95       	inc	r25
     f52:	88 0f       	add	r24, r24
     f54:	08 f0       	brcs	.+2      	; 0xf58 <__addsf3x+0xa2>
     f56:	99 27       	eor	r25, r25
     f58:	ee 0f       	add	r30, r30
     f5a:	97 95       	ror	r25
     f5c:	87 95       	ror	r24
     f5e:	08 95       	ret

00000f60 <__cmpsf2>:
     f60:	0e 94 9a 08 	call	0x1134	; 0x1134 <__fp_cmp>
     f64:	08 f4       	brcc	.+2      	; 0xf68 <__cmpsf2+0x8>
     f66:	81 e0       	ldi	r24, 0x01	; 1
     f68:	08 95       	ret

00000f6a <__divsf3>:
     f6a:	0e 94 c9 07 	call	0xf92	; 0xf92 <__divsf3x>
     f6e:	0c 94 d5 08 	jmp	0x11aa	; 0x11aa <__fp_round>
     f72:	0e 94 ce 08 	call	0x119c	; 0x119c <__fp_pscB>
     f76:	58 f0       	brcs	.+22     	; 0xf8e <__divsf3+0x24>
     f78:	0e 94 c7 08 	call	0x118e	; 0x118e <__fp_pscA>
     f7c:	40 f0       	brcs	.+16     	; 0xf8e <__divsf3+0x24>
     f7e:	29 f4       	brne	.+10     	; 0xf8a <__divsf3+0x20>
     f80:	5f 3f       	cpi	r21, 0xFF	; 255
     f82:	29 f0       	breq	.+10     	; 0xf8e <__divsf3+0x24>
     f84:	0c 94 be 08 	jmp	0x117c	; 0x117c <__fp_inf>
     f88:	51 11       	cpse	r21, r1
     f8a:	0c 94 09 09 	jmp	0x1212	; 0x1212 <__fp_szero>
     f8e:	0c 94 c4 08 	jmp	0x1188	; 0x1188 <__fp_nan>

00000f92 <__divsf3x>:
     f92:	0e 94 e6 08 	call	0x11cc	; 0x11cc <__fp_split3>
     f96:	68 f3       	brcs	.-38     	; 0xf72 <__divsf3+0x8>

00000f98 <__divsf3_pse>:
     f98:	99 23       	and	r25, r25
     f9a:	b1 f3       	breq	.-20     	; 0xf88 <__divsf3+0x1e>
     f9c:	55 23       	and	r21, r21
     f9e:	91 f3       	breq	.-28     	; 0xf84 <__divsf3+0x1a>
     fa0:	95 1b       	sub	r25, r21
     fa2:	55 0b       	sbc	r21, r21
     fa4:	bb 27       	eor	r27, r27
     fa6:	aa 27       	eor	r26, r26
     fa8:	62 17       	cp	r22, r18
     faa:	73 07       	cpc	r23, r19
     fac:	84 07       	cpc	r24, r20
     fae:	38 f0       	brcs	.+14     	; 0xfbe <__divsf3_pse+0x26>
     fb0:	9f 5f       	subi	r25, 0xFF	; 255
     fb2:	5f 4f       	sbci	r21, 0xFF	; 255
     fb4:	22 0f       	add	r18, r18
     fb6:	33 1f       	adc	r19, r19
     fb8:	44 1f       	adc	r20, r20
     fba:	aa 1f       	adc	r26, r26
     fbc:	a9 f3       	breq	.-22     	; 0xfa8 <__divsf3_pse+0x10>
     fbe:	35 d0       	rcall	.+106    	; 0x102a <__divsf3_pse+0x92>
     fc0:	0e 2e       	mov	r0, r30
     fc2:	3a f0       	brmi	.+14     	; 0xfd2 <__divsf3_pse+0x3a>
     fc4:	e0 e8       	ldi	r30, 0x80	; 128
     fc6:	32 d0       	rcall	.+100    	; 0x102c <__divsf3_pse+0x94>
     fc8:	91 50       	subi	r25, 0x01	; 1
     fca:	50 40       	sbci	r21, 0x00	; 0
     fcc:	e6 95       	lsr	r30
     fce:	00 1c       	adc	r0, r0
     fd0:	ca f7       	brpl	.-14     	; 0xfc4 <__divsf3_pse+0x2c>
     fd2:	2b d0       	rcall	.+86     	; 0x102a <__divsf3_pse+0x92>
     fd4:	fe 2f       	mov	r31, r30
     fd6:	29 d0       	rcall	.+82     	; 0x102a <__divsf3_pse+0x92>
     fd8:	66 0f       	add	r22, r22
     fda:	77 1f       	adc	r23, r23
     fdc:	88 1f       	adc	r24, r24
     fde:	bb 1f       	adc	r27, r27
     fe0:	26 17       	cp	r18, r22
     fe2:	37 07       	cpc	r19, r23
     fe4:	48 07       	cpc	r20, r24
     fe6:	ab 07       	cpc	r26, r27
     fe8:	b0 e8       	ldi	r27, 0x80	; 128
     fea:	09 f0       	breq	.+2      	; 0xfee <__divsf3_pse+0x56>
     fec:	bb 0b       	sbc	r27, r27
     fee:	80 2d       	mov	r24, r0
     ff0:	bf 01       	movw	r22, r30
     ff2:	ff 27       	eor	r31, r31
     ff4:	93 58       	subi	r25, 0x83	; 131
     ff6:	5f 4f       	sbci	r21, 0xFF	; 255
     ff8:	3a f0       	brmi	.+14     	; 0x1008 <__divsf3_pse+0x70>
     ffa:	9e 3f       	cpi	r25, 0xFE	; 254
     ffc:	51 05       	cpc	r21, r1
     ffe:	78 f0       	brcs	.+30     	; 0x101e <__divsf3_pse+0x86>
    1000:	0c 94 be 08 	jmp	0x117c	; 0x117c <__fp_inf>
    1004:	0c 94 09 09 	jmp	0x1212	; 0x1212 <__fp_szero>
    1008:	5f 3f       	cpi	r21, 0xFF	; 255
    100a:	e4 f3       	brlt	.-8      	; 0x1004 <__divsf3_pse+0x6c>
    100c:	98 3e       	cpi	r25, 0xE8	; 232
    100e:	d4 f3       	brlt	.-12     	; 0x1004 <__divsf3_pse+0x6c>
    1010:	86 95       	lsr	r24
    1012:	77 95       	ror	r23
    1014:	67 95       	ror	r22
    1016:	b7 95       	ror	r27
    1018:	f7 95       	ror	r31
    101a:	9f 5f       	subi	r25, 0xFF	; 255
    101c:	c9 f7       	brne	.-14     	; 0x1010 <__divsf3_pse+0x78>
    101e:	88 0f       	add	r24, r24
    1020:	91 1d       	adc	r25, r1
    1022:	96 95       	lsr	r25
    1024:	87 95       	ror	r24
    1026:	97 f9       	bld	r25, 7
    1028:	08 95       	ret
    102a:	e1 e0       	ldi	r30, 0x01	; 1
    102c:	66 0f       	add	r22, r22
    102e:	77 1f       	adc	r23, r23
    1030:	88 1f       	adc	r24, r24
    1032:	bb 1f       	adc	r27, r27
    1034:	62 17       	cp	r22, r18
    1036:	73 07       	cpc	r23, r19
    1038:	84 07       	cpc	r24, r20
    103a:	ba 07       	cpc	r27, r26
    103c:	20 f0       	brcs	.+8      	; 0x1046 <__divsf3_pse+0xae>
    103e:	62 1b       	sub	r22, r18
    1040:	73 0b       	sbc	r23, r19
    1042:	84 0b       	sbc	r24, r20
    1044:	ba 0b       	sbc	r27, r26
    1046:	ee 1f       	adc	r30, r30
    1048:	88 f7       	brcc	.-30     	; 0x102c <__divsf3_pse+0x94>
    104a:	e0 95       	com	r30
    104c:	08 95       	ret

0000104e <__fixsfsi>:
    104e:	0e 94 2e 08 	call	0x105c	; 0x105c <__fixunssfsi>
    1052:	68 94       	set
    1054:	b1 11       	cpse	r27, r1
    1056:	0c 94 09 09 	jmp	0x1212	; 0x1212 <__fp_szero>
    105a:	08 95       	ret

0000105c <__fixunssfsi>:
    105c:	0e 94 ee 08 	call	0x11dc	; 0x11dc <__fp_splitA>
    1060:	88 f0       	brcs	.+34     	; 0x1084 <__fixunssfsi+0x28>
    1062:	9f 57       	subi	r25, 0x7F	; 127
    1064:	98 f0       	brcs	.+38     	; 0x108c <__fixunssfsi+0x30>
    1066:	b9 2f       	mov	r27, r25
    1068:	99 27       	eor	r25, r25
    106a:	b7 51       	subi	r27, 0x17	; 23
    106c:	b0 f0       	brcs	.+44     	; 0x109a <__fixunssfsi+0x3e>
    106e:	e1 f0       	breq	.+56     	; 0x10a8 <__fixunssfsi+0x4c>
    1070:	66 0f       	add	r22, r22
    1072:	77 1f       	adc	r23, r23
    1074:	88 1f       	adc	r24, r24
    1076:	99 1f       	adc	r25, r25
    1078:	1a f0       	brmi	.+6      	; 0x1080 <__fixunssfsi+0x24>
    107a:	ba 95       	dec	r27
    107c:	c9 f7       	brne	.-14     	; 0x1070 <__fixunssfsi+0x14>
    107e:	14 c0       	rjmp	.+40     	; 0x10a8 <__fixunssfsi+0x4c>
    1080:	b1 30       	cpi	r27, 0x01	; 1
    1082:	91 f0       	breq	.+36     	; 0x10a8 <__fixunssfsi+0x4c>
    1084:	0e 94 08 09 	call	0x1210	; 0x1210 <__fp_zero>
    1088:	b1 e0       	ldi	r27, 0x01	; 1
    108a:	08 95       	ret
    108c:	0c 94 08 09 	jmp	0x1210	; 0x1210 <__fp_zero>
    1090:	67 2f       	mov	r22, r23
    1092:	78 2f       	mov	r23, r24
    1094:	88 27       	eor	r24, r24
    1096:	b8 5f       	subi	r27, 0xF8	; 248
    1098:	39 f0       	breq	.+14     	; 0x10a8 <__fixunssfsi+0x4c>
    109a:	b9 3f       	cpi	r27, 0xF9	; 249
    109c:	cc f3       	brlt	.-14     	; 0x1090 <__fixunssfsi+0x34>
    109e:	86 95       	lsr	r24
    10a0:	77 95       	ror	r23
    10a2:	67 95       	ror	r22
    10a4:	b3 95       	inc	r27
    10a6:	d9 f7       	brne	.-10     	; 0x109e <__fixunssfsi+0x42>
    10a8:	3e f4       	brtc	.+14     	; 0x10b8 <__fixunssfsi+0x5c>
    10aa:	90 95       	com	r25
    10ac:	80 95       	com	r24
    10ae:	70 95       	com	r23
    10b0:	61 95       	neg	r22
    10b2:	7f 4f       	sbci	r23, 0xFF	; 255
    10b4:	8f 4f       	sbci	r24, 0xFF	; 255
    10b6:	9f 4f       	sbci	r25, 0xFF	; 255
    10b8:	08 95       	ret

000010ba <__floatunsisf>:
    10ba:	e8 94       	clt
    10bc:	09 c0       	rjmp	.+18     	; 0x10d0 <__floatsisf+0x12>

000010be <__floatsisf>:
    10be:	97 fb       	bst	r25, 7
    10c0:	3e f4       	brtc	.+14     	; 0x10d0 <__floatsisf+0x12>
    10c2:	90 95       	com	r25
    10c4:	80 95       	com	r24
    10c6:	70 95       	com	r23
    10c8:	61 95       	neg	r22
    10ca:	7f 4f       	sbci	r23, 0xFF	; 255
    10cc:	8f 4f       	sbci	r24, 0xFF	; 255
    10ce:	9f 4f       	sbci	r25, 0xFF	; 255
    10d0:	99 23       	and	r25, r25
    10d2:	a9 f0       	breq	.+42     	; 0x10fe <__floatsisf+0x40>
    10d4:	f9 2f       	mov	r31, r25
    10d6:	96 e9       	ldi	r25, 0x96	; 150
    10d8:	bb 27       	eor	r27, r27
    10da:	93 95       	inc	r25
    10dc:	f6 95       	lsr	r31
    10de:	87 95       	ror	r24
    10e0:	77 95       	ror	r23
    10e2:	67 95       	ror	r22
    10e4:	b7 95       	ror	r27
    10e6:	f1 11       	cpse	r31, r1
    10e8:	f8 cf       	rjmp	.-16     	; 0x10da <__floatsisf+0x1c>
    10ea:	fa f4       	brpl	.+62     	; 0x112a <__floatsisf+0x6c>
    10ec:	bb 0f       	add	r27, r27
    10ee:	11 f4       	brne	.+4      	; 0x10f4 <__floatsisf+0x36>
    10f0:	60 ff       	sbrs	r22, 0
    10f2:	1b c0       	rjmp	.+54     	; 0x112a <__floatsisf+0x6c>
    10f4:	6f 5f       	subi	r22, 0xFF	; 255
    10f6:	7f 4f       	sbci	r23, 0xFF	; 255
    10f8:	8f 4f       	sbci	r24, 0xFF	; 255
    10fa:	9f 4f       	sbci	r25, 0xFF	; 255
    10fc:	16 c0       	rjmp	.+44     	; 0x112a <__floatsisf+0x6c>
    10fe:	88 23       	and	r24, r24
    1100:	11 f0       	breq	.+4      	; 0x1106 <__floatsisf+0x48>
    1102:	96 e9       	ldi	r25, 0x96	; 150
    1104:	11 c0       	rjmp	.+34     	; 0x1128 <__floatsisf+0x6a>
    1106:	77 23       	and	r23, r23
    1108:	21 f0       	breq	.+8      	; 0x1112 <__floatsisf+0x54>
    110a:	9e e8       	ldi	r25, 0x8E	; 142
    110c:	87 2f       	mov	r24, r23
    110e:	76 2f       	mov	r23, r22
    1110:	05 c0       	rjmp	.+10     	; 0x111c <__floatsisf+0x5e>
    1112:	66 23       	and	r22, r22
    1114:	71 f0       	breq	.+28     	; 0x1132 <__floatsisf+0x74>
    1116:	96 e8       	ldi	r25, 0x86	; 134
    1118:	86 2f       	mov	r24, r22
    111a:	70 e0       	ldi	r23, 0x00	; 0
    111c:	60 e0       	ldi	r22, 0x00	; 0
    111e:	2a f0       	brmi	.+10     	; 0x112a <__floatsisf+0x6c>
    1120:	9a 95       	dec	r25
    1122:	66 0f       	add	r22, r22
    1124:	77 1f       	adc	r23, r23
    1126:	88 1f       	adc	r24, r24
    1128:	da f7       	brpl	.-10     	; 0x1120 <__floatsisf+0x62>
    112a:	88 0f       	add	r24, r24
    112c:	96 95       	lsr	r25
    112e:	87 95       	ror	r24
    1130:	97 f9       	bld	r25, 7
    1132:	08 95       	ret

00001134 <__fp_cmp>:
    1134:	99 0f       	add	r25, r25
    1136:	00 08       	sbc	r0, r0
    1138:	55 0f       	add	r21, r21
    113a:	aa 0b       	sbc	r26, r26
    113c:	e0 e8       	ldi	r30, 0x80	; 128
    113e:	fe ef       	ldi	r31, 0xFE	; 254
    1140:	16 16       	cp	r1, r22
    1142:	17 06       	cpc	r1, r23
    1144:	e8 07       	cpc	r30, r24
    1146:	f9 07       	cpc	r31, r25
    1148:	c0 f0       	brcs	.+48     	; 0x117a <__fp_cmp+0x46>
    114a:	12 16       	cp	r1, r18
    114c:	13 06       	cpc	r1, r19
    114e:	e4 07       	cpc	r30, r20
    1150:	f5 07       	cpc	r31, r21
    1152:	98 f0       	brcs	.+38     	; 0x117a <__fp_cmp+0x46>
    1154:	62 1b       	sub	r22, r18
    1156:	73 0b       	sbc	r23, r19
    1158:	84 0b       	sbc	r24, r20
    115a:	95 0b       	sbc	r25, r21
    115c:	39 f4       	brne	.+14     	; 0x116c <__fp_cmp+0x38>
    115e:	0a 26       	eor	r0, r26
    1160:	61 f0       	breq	.+24     	; 0x117a <__fp_cmp+0x46>
    1162:	23 2b       	or	r18, r19
    1164:	24 2b       	or	r18, r20
    1166:	25 2b       	or	r18, r21
    1168:	21 f4       	brne	.+8      	; 0x1172 <__fp_cmp+0x3e>
    116a:	08 95       	ret
    116c:	0a 26       	eor	r0, r26
    116e:	09 f4       	brne	.+2      	; 0x1172 <__fp_cmp+0x3e>
    1170:	a1 40       	sbci	r26, 0x01	; 1
    1172:	a6 95       	lsr	r26
    1174:	8f ef       	ldi	r24, 0xFF	; 255
    1176:	81 1d       	adc	r24, r1
    1178:	81 1d       	adc	r24, r1
    117a:	08 95       	ret

0000117c <__fp_inf>:
    117c:	97 f9       	bld	r25, 7
    117e:	9f 67       	ori	r25, 0x7F	; 127
    1180:	80 e8       	ldi	r24, 0x80	; 128
    1182:	70 e0       	ldi	r23, 0x00	; 0
    1184:	60 e0       	ldi	r22, 0x00	; 0
    1186:	08 95       	ret

00001188 <__fp_nan>:
    1188:	9f ef       	ldi	r25, 0xFF	; 255
    118a:	80 ec       	ldi	r24, 0xC0	; 192
    118c:	08 95       	ret

0000118e <__fp_pscA>:
    118e:	00 24       	eor	r0, r0
    1190:	0a 94       	dec	r0
    1192:	16 16       	cp	r1, r22
    1194:	17 06       	cpc	r1, r23
    1196:	18 06       	cpc	r1, r24
    1198:	09 06       	cpc	r0, r25
    119a:	08 95       	ret

0000119c <__fp_pscB>:
    119c:	00 24       	eor	r0, r0
    119e:	0a 94       	dec	r0
    11a0:	12 16       	cp	r1, r18
    11a2:	13 06       	cpc	r1, r19
    11a4:	14 06       	cpc	r1, r20
    11a6:	05 06       	cpc	r0, r21
    11a8:	08 95       	ret

000011aa <__fp_round>:
    11aa:	09 2e       	mov	r0, r25
    11ac:	03 94       	inc	r0
    11ae:	00 0c       	add	r0, r0
    11b0:	11 f4       	brne	.+4      	; 0x11b6 <__fp_round+0xc>
    11b2:	88 23       	and	r24, r24
    11b4:	52 f0       	brmi	.+20     	; 0x11ca <__fp_round+0x20>
    11b6:	bb 0f       	add	r27, r27
    11b8:	40 f4       	brcc	.+16     	; 0x11ca <__fp_round+0x20>
    11ba:	bf 2b       	or	r27, r31
    11bc:	11 f4       	brne	.+4      	; 0x11c2 <__fp_round+0x18>
    11be:	60 ff       	sbrs	r22, 0
    11c0:	04 c0       	rjmp	.+8      	; 0x11ca <__fp_round+0x20>
    11c2:	6f 5f       	subi	r22, 0xFF	; 255
    11c4:	7f 4f       	sbci	r23, 0xFF	; 255
    11c6:	8f 4f       	sbci	r24, 0xFF	; 255
    11c8:	9f 4f       	sbci	r25, 0xFF	; 255
    11ca:	08 95       	ret

000011cc <__fp_split3>:
    11cc:	57 fd       	sbrc	r21, 7
    11ce:	90 58       	subi	r25, 0x80	; 128
    11d0:	44 0f       	add	r20, r20
    11d2:	55 1f       	adc	r21, r21
    11d4:	59 f0       	breq	.+22     	; 0x11ec <__fp_splitA+0x10>
    11d6:	5f 3f       	cpi	r21, 0xFF	; 255
    11d8:	71 f0       	breq	.+28     	; 0x11f6 <__fp_splitA+0x1a>
    11da:	47 95       	ror	r20

000011dc <__fp_splitA>:
    11dc:	88 0f       	add	r24, r24
    11de:	97 fb       	bst	r25, 7
    11e0:	99 1f       	adc	r25, r25
    11e2:	61 f0       	breq	.+24     	; 0x11fc <__fp_splitA+0x20>
    11e4:	9f 3f       	cpi	r25, 0xFF	; 255
    11e6:	79 f0       	breq	.+30     	; 0x1206 <__fp_splitA+0x2a>
    11e8:	87 95       	ror	r24
    11ea:	08 95       	ret
    11ec:	12 16       	cp	r1, r18
    11ee:	13 06       	cpc	r1, r19
    11f0:	14 06       	cpc	r1, r20
    11f2:	55 1f       	adc	r21, r21
    11f4:	f2 cf       	rjmp	.-28     	; 0x11da <__fp_split3+0xe>
    11f6:	46 95       	lsr	r20
    11f8:	f1 df       	rcall	.-30     	; 0x11dc <__fp_splitA>
    11fa:	08 c0       	rjmp	.+16     	; 0x120c <__fp_splitA+0x30>
    11fc:	16 16       	cp	r1, r22
    11fe:	17 06       	cpc	r1, r23
    1200:	18 06       	cpc	r1, r24
    1202:	99 1f       	adc	r25, r25
    1204:	f1 cf       	rjmp	.-30     	; 0x11e8 <__fp_splitA+0xc>
    1206:	86 95       	lsr	r24
    1208:	71 05       	cpc	r23, r1
    120a:	61 05       	cpc	r22, r1
    120c:	08 94       	sec
    120e:	08 95       	ret

00001210 <__fp_zero>:
    1210:	e8 94       	clt

00001212 <__fp_szero>:
    1212:	bb 27       	eor	r27, r27
    1214:	66 27       	eor	r22, r22
    1216:	77 27       	eor	r23, r23
    1218:	cb 01       	movw	r24, r22
    121a:	97 f9       	bld	r25, 7
    121c:	08 95       	ret

0000121e <__mulsf3>:
    121e:	0e 94 22 09 	call	0x1244	; 0x1244 <__mulsf3x>
    1222:	0c 94 d5 08 	jmp	0x11aa	; 0x11aa <__fp_round>
    1226:	0e 94 c7 08 	call	0x118e	; 0x118e <__fp_pscA>
    122a:	38 f0       	brcs	.+14     	; 0x123a <__mulsf3+0x1c>
    122c:	0e 94 ce 08 	call	0x119c	; 0x119c <__fp_pscB>
    1230:	20 f0       	brcs	.+8      	; 0x123a <__mulsf3+0x1c>
    1232:	95 23       	and	r25, r21
    1234:	11 f0       	breq	.+4      	; 0x123a <__mulsf3+0x1c>
    1236:	0c 94 be 08 	jmp	0x117c	; 0x117c <__fp_inf>
    123a:	0c 94 c4 08 	jmp	0x1188	; 0x1188 <__fp_nan>
    123e:	11 24       	eor	r1, r1
    1240:	0c 94 09 09 	jmp	0x1212	; 0x1212 <__fp_szero>

00001244 <__mulsf3x>:
    1244:	0e 94 e6 08 	call	0x11cc	; 0x11cc <__fp_split3>
    1248:	70 f3       	brcs	.-36     	; 0x1226 <__mulsf3+0x8>

0000124a <__mulsf3_pse>:
    124a:	95 9f       	mul	r25, r21
    124c:	c1 f3       	breq	.-16     	; 0x123e <__mulsf3+0x20>
    124e:	95 0f       	add	r25, r21
    1250:	50 e0       	ldi	r21, 0x00	; 0
    1252:	55 1f       	adc	r21, r21
    1254:	62 9f       	mul	r22, r18
    1256:	f0 01       	movw	r30, r0
    1258:	72 9f       	mul	r23, r18
    125a:	bb 27       	eor	r27, r27
    125c:	f0 0d       	add	r31, r0
    125e:	b1 1d       	adc	r27, r1
    1260:	63 9f       	mul	r22, r19
    1262:	aa 27       	eor	r26, r26
    1264:	f0 0d       	add	r31, r0
    1266:	b1 1d       	adc	r27, r1
    1268:	aa 1f       	adc	r26, r26
    126a:	64 9f       	mul	r22, r20
    126c:	66 27       	eor	r22, r22
    126e:	b0 0d       	add	r27, r0
    1270:	a1 1d       	adc	r26, r1
    1272:	66 1f       	adc	r22, r22
    1274:	82 9f       	mul	r24, r18
    1276:	22 27       	eor	r18, r18
    1278:	b0 0d       	add	r27, r0
    127a:	a1 1d       	adc	r26, r1
    127c:	62 1f       	adc	r22, r18
    127e:	73 9f       	mul	r23, r19
    1280:	b0 0d       	add	r27, r0
    1282:	a1 1d       	adc	r26, r1
    1284:	62 1f       	adc	r22, r18
    1286:	83 9f       	mul	r24, r19
    1288:	a0 0d       	add	r26, r0
    128a:	61 1d       	adc	r22, r1
    128c:	22 1f       	adc	r18, r18
    128e:	74 9f       	mul	r23, r20
    1290:	33 27       	eor	r19, r19
    1292:	a0 0d       	add	r26, r0
    1294:	61 1d       	adc	r22, r1
    1296:	23 1f       	adc	r18, r19
    1298:	84 9f       	mul	r24, r20
    129a:	60 0d       	add	r22, r0
    129c:	21 1d       	adc	r18, r1
    129e:	82 2f       	mov	r24, r18
    12a0:	76 2f       	mov	r23, r22
    12a2:	6a 2f       	mov	r22, r26
    12a4:	11 24       	eor	r1, r1
    12a6:	9f 57       	subi	r25, 0x7F	; 127
    12a8:	50 40       	sbci	r21, 0x00	; 0
    12aa:	9a f0       	brmi	.+38     	; 0x12d2 <__mulsf3_pse+0x88>
    12ac:	f1 f0       	breq	.+60     	; 0x12ea <__mulsf3_pse+0xa0>
    12ae:	88 23       	and	r24, r24
    12b0:	4a f0       	brmi	.+18     	; 0x12c4 <__mulsf3_pse+0x7a>
    12b2:	ee 0f       	add	r30, r30
    12b4:	ff 1f       	adc	r31, r31
    12b6:	bb 1f       	adc	r27, r27
    12b8:	66 1f       	adc	r22, r22
    12ba:	77 1f       	adc	r23, r23
    12bc:	88 1f       	adc	r24, r24
    12be:	91 50       	subi	r25, 0x01	; 1
    12c0:	50 40       	sbci	r21, 0x00	; 0
    12c2:	a9 f7       	brne	.-22     	; 0x12ae <__mulsf3_pse+0x64>
    12c4:	9e 3f       	cpi	r25, 0xFE	; 254
    12c6:	51 05       	cpc	r21, r1
    12c8:	80 f0       	brcs	.+32     	; 0x12ea <__mulsf3_pse+0xa0>
    12ca:	0c 94 be 08 	jmp	0x117c	; 0x117c <__fp_inf>
    12ce:	0c 94 09 09 	jmp	0x1212	; 0x1212 <__fp_szero>
    12d2:	5f 3f       	cpi	r21, 0xFF	; 255
    12d4:	e4 f3       	brlt	.-8      	; 0x12ce <__mulsf3_pse+0x84>
    12d6:	98 3e       	cpi	r25, 0xE8	; 232
    12d8:	d4 f3       	brlt	.-12     	; 0x12ce <__mulsf3_pse+0x84>
    12da:	86 95       	lsr	r24
    12dc:	77 95       	ror	r23
    12de:	67 95       	ror	r22
    12e0:	b7 95       	ror	r27
    12e2:	f7 95       	ror	r31
    12e4:	e7 95       	ror	r30
    12e6:	9f 5f       	subi	r25, 0xFF	; 255
    12e8:	c1 f7       	brne	.-16     	; 0x12da <__mulsf3_pse+0x90>
    12ea:	fe 2b       	or	r31, r30
    12ec:	88 0f       	add	r24, r24
    12ee:	91 1d       	adc	r25, r1
    12f0:	96 95       	lsr	r25
    12f2:	87 95       	ror	r24
    12f4:	97 f9       	bld	r25, 7
    12f6:	08 95       	ret

000012f8 <dtostrf>:
    12f8:	ef 92       	push	r14
    12fa:	0f 93       	push	r16
    12fc:	1f 93       	push	r17
    12fe:	cf 93       	push	r28
    1300:	df 93       	push	r29
    1302:	e8 01       	movw	r28, r16
    1304:	47 fd       	sbrc	r20, 7
    1306:	02 c0       	rjmp	.+4      	; 0x130c <dtostrf+0x14>
    1308:	34 e0       	ldi	r19, 0x04	; 4
    130a:	01 c0       	rjmp	.+2      	; 0x130e <dtostrf+0x16>
    130c:	34 e1       	ldi	r19, 0x14	; 20
    130e:	04 2e       	mov	r0, r20
    1310:	00 0c       	add	r0, r0
    1312:	55 0b       	sbc	r21, r21
    1314:	57 ff       	sbrs	r21, 7
    1316:	03 c0       	rjmp	.+6      	; 0x131e <dtostrf+0x26>
    1318:	51 95       	neg	r21
    131a:	41 95       	neg	r20
    131c:	51 09       	sbc	r21, r1
    131e:	e3 2e       	mov	r14, r19
    1320:	02 2f       	mov	r16, r18
    1322:	24 2f       	mov	r18, r20
    1324:	ae 01       	movw	r20, r28
    1326:	0e 94 9f 0b 	call	0x173e	; 0x173e <dtoa_prf>
    132a:	ce 01       	movw	r24, r28
    132c:	df 91       	pop	r29
    132e:	cf 91       	pop	r28
    1330:	1f 91       	pop	r17
    1332:	0f 91       	pop	r16
    1334:	ef 90       	pop	r14
    1336:	08 95       	ret

00001338 <sprintf>:
    1338:	ae e0       	ldi	r26, 0x0E	; 14
    133a:	b0 e0       	ldi	r27, 0x00	; 0
    133c:	e2 ea       	ldi	r30, 0xA2	; 162
    133e:	f9 e0       	ldi	r31, 0x09	; 9
    1340:	0c 94 8f 0e 	jmp	0x1d1e	; 0x1d1e <__prologue_saves__+0x1c>
    1344:	0d 89       	ldd	r16, Y+21	; 0x15
    1346:	1e 89       	ldd	r17, Y+22	; 0x16
    1348:	86 e0       	ldi	r24, 0x06	; 6
    134a:	8c 83       	std	Y+4, r24	; 0x04
    134c:	1a 83       	std	Y+2, r17	; 0x02
    134e:	09 83       	std	Y+1, r16	; 0x01
    1350:	8f ef       	ldi	r24, 0xFF	; 255
    1352:	9f e7       	ldi	r25, 0x7F	; 127
    1354:	9e 83       	std	Y+6, r25	; 0x06
    1356:	8d 83       	std	Y+5, r24	; 0x05
    1358:	ae 01       	movw	r20, r28
    135a:	47 5e       	subi	r20, 0xE7	; 231
    135c:	5f 4f       	sbci	r21, 0xFF	; 255
    135e:	6f 89       	ldd	r22, Y+23	; 0x17
    1360:	78 8d       	ldd	r23, Y+24	; 0x18
    1362:	ce 01       	movw	r24, r28
    1364:	01 96       	adiw	r24, 0x01	; 1
    1366:	0e 94 be 09 	call	0x137c	; 0x137c <vfprintf>
    136a:	ef 81       	ldd	r30, Y+7	; 0x07
    136c:	f8 85       	ldd	r31, Y+8	; 0x08
    136e:	e0 0f       	add	r30, r16
    1370:	f1 1f       	adc	r31, r17
    1372:	10 82       	st	Z, r1
    1374:	2e 96       	adiw	r28, 0x0e	; 14
    1376:	e4 e0       	ldi	r30, 0x04	; 4
    1378:	0c 94 ab 0e 	jmp	0x1d56	; 0x1d56 <__epilogue_restores__+0x1c>

0000137c <vfprintf>:
    137c:	ab e0       	ldi	r26, 0x0B	; 11
    137e:	b0 e0       	ldi	r27, 0x00	; 0
    1380:	e4 ec       	ldi	r30, 0xC4	; 196
    1382:	f9 e0       	ldi	r31, 0x09	; 9
    1384:	0c 94 81 0e 	jmp	0x1d02	; 0x1d02 <__prologue_saves__>
    1388:	6c 01       	movw	r12, r24
    138a:	7b 01       	movw	r14, r22
    138c:	8a 01       	movw	r16, r20
    138e:	fc 01       	movw	r30, r24
    1390:	17 82       	std	Z+7, r1	; 0x07
    1392:	16 82       	std	Z+6, r1	; 0x06
    1394:	83 81       	ldd	r24, Z+3	; 0x03
    1396:	81 ff       	sbrs	r24, 1
    1398:	cc c1       	rjmp	.+920    	; 0x1732 <vfprintf+0x3b6>
    139a:	ce 01       	movw	r24, r28
    139c:	01 96       	adiw	r24, 0x01	; 1
    139e:	3c 01       	movw	r6, r24
    13a0:	f6 01       	movw	r30, r12
    13a2:	93 81       	ldd	r25, Z+3	; 0x03
    13a4:	f7 01       	movw	r30, r14
    13a6:	93 fd       	sbrc	r25, 3
    13a8:	85 91       	lpm	r24, Z+
    13aa:	93 ff       	sbrs	r25, 3
    13ac:	81 91       	ld	r24, Z+
    13ae:	7f 01       	movw	r14, r30
    13b0:	88 23       	and	r24, r24
    13b2:	09 f4       	brne	.+2      	; 0x13b6 <vfprintf+0x3a>
    13b4:	ba c1       	rjmp	.+884    	; 0x172a <vfprintf+0x3ae>
    13b6:	85 32       	cpi	r24, 0x25	; 37
    13b8:	39 f4       	brne	.+14     	; 0x13c8 <vfprintf+0x4c>
    13ba:	93 fd       	sbrc	r25, 3
    13bc:	85 91       	lpm	r24, Z+
    13be:	93 ff       	sbrs	r25, 3
    13c0:	81 91       	ld	r24, Z+
    13c2:	7f 01       	movw	r14, r30
    13c4:	85 32       	cpi	r24, 0x25	; 37
    13c6:	29 f4       	brne	.+10     	; 0x13d2 <vfprintf+0x56>
    13c8:	b6 01       	movw	r22, r12
    13ca:	90 e0       	ldi	r25, 0x00	; 0
    13cc:	0e 94 e7 0d 	call	0x1bce	; 0x1bce <fputc>
    13d0:	e7 cf       	rjmp	.-50     	; 0x13a0 <vfprintf+0x24>
    13d2:	91 2c       	mov	r9, r1
    13d4:	21 2c       	mov	r2, r1
    13d6:	31 2c       	mov	r3, r1
    13d8:	ff e1       	ldi	r31, 0x1F	; 31
    13da:	f3 15       	cp	r31, r3
    13dc:	d8 f0       	brcs	.+54     	; 0x1414 <vfprintf+0x98>
    13de:	8b 32       	cpi	r24, 0x2B	; 43
    13e0:	79 f0       	breq	.+30     	; 0x1400 <vfprintf+0x84>
    13e2:	38 f4       	brcc	.+14     	; 0x13f2 <vfprintf+0x76>
    13e4:	80 32       	cpi	r24, 0x20	; 32
    13e6:	79 f0       	breq	.+30     	; 0x1406 <vfprintf+0x8a>
    13e8:	83 32       	cpi	r24, 0x23	; 35
    13ea:	a1 f4       	brne	.+40     	; 0x1414 <vfprintf+0x98>
    13ec:	23 2d       	mov	r18, r3
    13ee:	20 61       	ori	r18, 0x10	; 16
    13f0:	1d c0       	rjmp	.+58     	; 0x142c <vfprintf+0xb0>
    13f2:	8d 32       	cpi	r24, 0x2D	; 45
    13f4:	61 f0       	breq	.+24     	; 0x140e <vfprintf+0x92>
    13f6:	80 33       	cpi	r24, 0x30	; 48
    13f8:	69 f4       	brne	.+26     	; 0x1414 <vfprintf+0x98>
    13fa:	23 2d       	mov	r18, r3
    13fc:	21 60       	ori	r18, 0x01	; 1
    13fe:	16 c0       	rjmp	.+44     	; 0x142c <vfprintf+0xb0>
    1400:	83 2d       	mov	r24, r3
    1402:	82 60       	ori	r24, 0x02	; 2
    1404:	38 2e       	mov	r3, r24
    1406:	e3 2d       	mov	r30, r3
    1408:	e4 60       	ori	r30, 0x04	; 4
    140a:	3e 2e       	mov	r3, r30
    140c:	2a c0       	rjmp	.+84     	; 0x1462 <vfprintf+0xe6>
    140e:	f3 2d       	mov	r31, r3
    1410:	f8 60       	ori	r31, 0x08	; 8
    1412:	1d c0       	rjmp	.+58     	; 0x144e <vfprintf+0xd2>
    1414:	37 fc       	sbrc	r3, 7
    1416:	2d c0       	rjmp	.+90     	; 0x1472 <vfprintf+0xf6>
    1418:	20 ed       	ldi	r18, 0xD0	; 208
    141a:	28 0f       	add	r18, r24
    141c:	2a 30       	cpi	r18, 0x0A	; 10
    141e:	40 f0       	brcs	.+16     	; 0x1430 <vfprintf+0xb4>
    1420:	8e 32       	cpi	r24, 0x2E	; 46
    1422:	b9 f4       	brne	.+46     	; 0x1452 <vfprintf+0xd6>
    1424:	36 fc       	sbrc	r3, 6
    1426:	81 c1       	rjmp	.+770    	; 0x172a <vfprintf+0x3ae>
    1428:	23 2d       	mov	r18, r3
    142a:	20 64       	ori	r18, 0x40	; 64
    142c:	32 2e       	mov	r3, r18
    142e:	19 c0       	rjmp	.+50     	; 0x1462 <vfprintf+0xe6>
    1430:	36 fe       	sbrs	r3, 6
    1432:	06 c0       	rjmp	.+12     	; 0x1440 <vfprintf+0xc4>
    1434:	8a e0       	ldi	r24, 0x0A	; 10
    1436:	98 9e       	mul	r9, r24
    1438:	20 0d       	add	r18, r0
    143a:	11 24       	eor	r1, r1
    143c:	92 2e       	mov	r9, r18
    143e:	11 c0       	rjmp	.+34     	; 0x1462 <vfprintf+0xe6>
    1440:	ea e0       	ldi	r30, 0x0A	; 10
    1442:	2e 9e       	mul	r2, r30
    1444:	20 0d       	add	r18, r0
    1446:	11 24       	eor	r1, r1
    1448:	22 2e       	mov	r2, r18
    144a:	f3 2d       	mov	r31, r3
    144c:	f0 62       	ori	r31, 0x20	; 32
    144e:	3f 2e       	mov	r3, r31
    1450:	08 c0       	rjmp	.+16     	; 0x1462 <vfprintf+0xe6>
    1452:	8c 36       	cpi	r24, 0x6C	; 108
    1454:	21 f4       	brne	.+8      	; 0x145e <vfprintf+0xe2>
    1456:	83 2d       	mov	r24, r3
    1458:	80 68       	ori	r24, 0x80	; 128
    145a:	38 2e       	mov	r3, r24
    145c:	02 c0       	rjmp	.+4      	; 0x1462 <vfprintf+0xe6>
    145e:	88 36       	cpi	r24, 0x68	; 104
    1460:	41 f4       	brne	.+16     	; 0x1472 <vfprintf+0xf6>
    1462:	f7 01       	movw	r30, r14
    1464:	93 fd       	sbrc	r25, 3
    1466:	85 91       	lpm	r24, Z+
    1468:	93 ff       	sbrs	r25, 3
    146a:	81 91       	ld	r24, Z+
    146c:	7f 01       	movw	r14, r30
    146e:	81 11       	cpse	r24, r1
    1470:	b3 cf       	rjmp	.-154    	; 0x13d8 <vfprintf+0x5c>
    1472:	98 2f       	mov	r25, r24
    1474:	9f 7d       	andi	r25, 0xDF	; 223
    1476:	95 54       	subi	r25, 0x45	; 69
    1478:	93 30       	cpi	r25, 0x03	; 3
    147a:	28 f4       	brcc	.+10     	; 0x1486 <vfprintf+0x10a>
    147c:	0c 5f       	subi	r16, 0xFC	; 252
    147e:	1f 4f       	sbci	r17, 0xFF	; 255
    1480:	9f e3       	ldi	r25, 0x3F	; 63
    1482:	99 83       	std	Y+1, r25	; 0x01
    1484:	0d c0       	rjmp	.+26     	; 0x14a0 <vfprintf+0x124>
    1486:	83 36       	cpi	r24, 0x63	; 99
    1488:	31 f0       	breq	.+12     	; 0x1496 <vfprintf+0x11a>
    148a:	83 37       	cpi	r24, 0x73	; 115
    148c:	71 f0       	breq	.+28     	; 0x14aa <vfprintf+0x12e>
    148e:	83 35       	cpi	r24, 0x53	; 83
    1490:	09 f0       	breq	.+2      	; 0x1494 <vfprintf+0x118>
    1492:	59 c0       	rjmp	.+178    	; 0x1546 <vfprintf+0x1ca>
    1494:	21 c0       	rjmp	.+66     	; 0x14d8 <vfprintf+0x15c>
    1496:	f8 01       	movw	r30, r16
    1498:	80 81       	ld	r24, Z
    149a:	89 83       	std	Y+1, r24	; 0x01
    149c:	0e 5f       	subi	r16, 0xFE	; 254
    149e:	1f 4f       	sbci	r17, 0xFF	; 255
    14a0:	88 24       	eor	r8, r8
    14a2:	83 94       	inc	r8
    14a4:	91 2c       	mov	r9, r1
    14a6:	53 01       	movw	r10, r6
    14a8:	13 c0       	rjmp	.+38     	; 0x14d0 <vfprintf+0x154>
    14aa:	28 01       	movw	r4, r16
    14ac:	f2 e0       	ldi	r31, 0x02	; 2
    14ae:	4f 0e       	add	r4, r31
    14b0:	51 1c       	adc	r5, r1
    14b2:	f8 01       	movw	r30, r16
    14b4:	a0 80       	ld	r10, Z
    14b6:	b1 80       	ldd	r11, Z+1	; 0x01
    14b8:	36 fe       	sbrs	r3, 6
    14ba:	03 c0       	rjmp	.+6      	; 0x14c2 <vfprintf+0x146>
    14bc:	69 2d       	mov	r22, r9
    14be:	70 e0       	ldi	r23, 0x00	; 0
    14c0:	02 c0       	rjmp	.+4      	; 0x14c6 <vfprintf+0x14a>
    14c2:	6f ef       	ldi	r22, 0xFF	; 255
    14c4:	7f ef       	ldi	r23, 0xFF	; 255
    14c6:	c5 01       	movw	r24, r10
    14c8:	0e 94 dc 0d 	call	0x1bb8	; 0x1bb8 <strnlen>
    14cc:	4c 01       	movw	r8, r24
    14ce:	82 01       	movw	r16, r4
    14d0:	f3 2d       	mov	r31, r3
    14d2:	ff 77       	andi	r31, 0x7F	; 127
    14d4:	3f 2e       	mov	r3, r31
    14d6:	16 c0       	rjmp	.+44     	; 0x1504 <vfprintf+0x188>
    14d8:	28 01       	movw	r4, r16
    14da:	22 e0       	ldi	r18, 0x02	; 2
    14dc:	42 0e       	add	r4, r18
    14de:	51 1c       	adc	r5, r1
    14e0:	f8 01       	movw	r30, r16
    14e2:	a0 80       	ld	r10, Z
    14e4:	b1 80       	ldd	r11, Z+1	; 0x01
    14e6:	36 fe       	sbrs	r3, 6
    14e8:	03 c0       	rjmp	.+6      	; 0x14f0 <vfprintf+0x174>
    14ea:	69 2d       	mov	r22, r9
    14ec:	70 e0       	ldi	r23, 0x00	; 0
    14ee:	02 c0       	rjmp	.+4      	; 0x14f4 <vfprintf+0x178>
    14f0:	6f ef       	ldi	r22, 0xFF	; 255
    14f2:	7f ef       	ldi	r23, 0xFF	; 255
    14f4:	c5 01       	movw	r24, r10
    14f6:	0e 94 d1 0d 	call	0x1ba2	; 0x1ba2 <strnlen_P>
    14fa:	4c 01       	movw	r8, r24
    14fc:	f3 2d       	mov	r31, r3
    14fe:	f0 68       	ori	r31, 0x80	; 128
    1500:	3f 2e       	mov	r3, r31
    1502:	82 01       	movw	r16, r4
    1504:	33 fc       	sbrc	r3, 3
    1506:	1b c0       	rjmp	.+54     	; 0x153e <vfprintf+0x1c2>
    1508:	82 2d       	mov	r24, r2
    150a:	90 e0       	ldi	r25, 0x00	; 0
    150c:	88 16       	cp	r8, r24
    150e:	99 06       	cpc	r9, r25
    1510:	b0 f4       	brcc	.+44     	; 0x153e <vfprintf+0x1c2>
    1512:	b6 01       	movw	r22, r12
    1514:	80 e2       	ldi	r24, 0x20	; 32
    1516:	90 e0       	ldi	r25, 0x00	; 0
    1518:	0e 94 e7 0d 	call	0x1bce	; 0x1bce <fputc>
    151c:	2a 94       	dec	r2
    151e:	f4 cf       	rjmp	.-24     	; 0x1508 <vfprintf+0x18c>
    1520:	f5 01       	movw	r30, r10
    1522:	37 fc       	sbrc	r3, 7
    1524:	85 91       	lpm	r24, Z+
    1526:	37 fe       	sbrs	r3, 7
    1528:	81 91       	ld	r24, Z+
    152a:	5f 01       	movw	r10, r30
    152c:	b6 01       	movw	r22, r12
    152e:	90 e0       	ldi	r25, 0x00	; 0
    1530:	0e 94 e7 0d 	call	0x1bce	; 0x1bce <fputc>
    1534:	21 10       	cpse	r2, r1
    1536:	2a 94       	dec	r2
    1538:	21 e0       	ldi	r18, 0x01	; 1
    153a:	82 1a       	sub	r8, r18
    153c:	91 08       	sbc	r9, r1
    153e:	81 14       	cp	r8, r1
    1540:	91 04       	cpc	r9, r1
    1542:	71 f7       	brne	.-36     	; 0x1520 <vfprintf+0x1a4>
    1544:	e8 c0       	rjmp	.+464    	; 0x1716 <vfprintf+0x39a>
    1546:	84 36       	cpi	r24, 0x64	; 100
    1548:	11 f0       	breq	.+4      	; 0x154e <vfprintf+0x1d2>
    154a:	89 36       	cpi	r24, 0x69	; 105
    154c:	41 f5       	brne	.+80     	; 0x159e <vfprintf+0x222>
    154e:	f8 01       	movw	r30, r16
    1550:	37 fe       	sbrs	r3, 7
    1552:	07 c0       	rjmp	.+14     	; 0x1562 <vfprintf+0x1e6>
    1554:	60 81       	ld	r22, Z
    1556:	71 81       	ldd	r23, Z+1	; 0x01
    1558:	82 81       	ldd	r24, Z+2	; 0x02
    155a:	93 81       	ldd	r25, Z+3	; 0x03
    155c:	0c 5f       	subi	r16, 0xFC	; 252
    155e:	1f 4f       	sbci	r17, 0xFF	; 255
    1560:	08 c0       	rjmp	.+16     	; 0x1572 <vfprintf+0x1f6>
    1562:	60 81       	ld	r22, Z
    1564:	71 81       	ldd	r23, Z+1	; 0x01
    1566:	07 2e       	mov	r0, r23
    1568:	00 0c       	add	r0, r0
    156a:	88 0b       	sbc	r24, r24
    156c:	99 0b       	sbc	r25, r25
    156e:	0e 5f       	subi	r16, 0xFE	; 254
    1570:	1f 4f       	sbci	r17, 0xFF	; 255
    1572:	f3 2d       	mov	r31, r3
    1574:	ff 76       	andi	r31, 0x6F	; 111
    1576:	3f 2e       	mov	r3, r31
    1578:	97 ff       	sbrs	r25, 7
    157a:	09 c0       	rjmp	.+18     	; 0x158e <vfprintf+0x212>
    157c:	90 95       	com	r25
    157e:	80 95       	com	r24
    1580:	70 95       	com	r23
    1582:	61 95       	neg	r22
    1584:	7f 4f       	sbci	r23, 0xFF	; 255
    1586:	8f 4f       	sbci	r24, 0xFF	; 255
    1588:	9f 4f       	sbci	r25, 0xFF	; 255
    158a:	f0 68       	ori	r31, 0x80	; 128
    158c:	3f 2e       	mov	r3, r31
    158e:	2a e0       	ldi	r18, 0x0A	; 10
    1590:	30 e0       	ldi	r19, 0x00	; 0
    1592:	a3 01       	movw	r20, r6
    1594:	0e 94 23 0e 	call	0x1c46	; 0x1c46 <__ultoa_invert>
    1598:	88 2e       	mov	r8, r24
    159a:	86 18       	sub	r8, r6
    159c:	45 c0       	rjmp	.+138    	; 0x1628 <vfprintf+0x2ac>
    159e:	85 37       	cpi	r24, 0x75	; 117
    15a0:	31 f4       	brne	.+12     	; 0x15ae <vfprintf+0x232>
    15a2:	23 2d       	mov	r18, r3
    15a4:	2f 7e       	andi	r18, 0xEF	; 239
    15a6:	b2 2e       	mov	r11, r18
    15a8:	2a e0       	ldi	r18, 0x0A	; 10
    15aa:	30 e0       	ldi	r19, 0x00	; 0
    15ac:	25 c0       	rjmp	.+74     	; 0x15f8 <vfprintf+0x27c>
    15ae:	93 2d       	mov	r25, r3
    15b0:	99 7f       	andi	r25, 0xF9	; 249
    15b2:	b9 2e       	mov	r11, r25
    15b4:	8f 36       	cpi	r24, 0x6F	; 111
    15b6:	c1 f0       	breq	.+48     	; 0x15e8 <vfprintf+0x26c>
    15b8:	18 f4       	brcc	.+6      	; 0x15c0 <vfprintf+0x244>
    15ba:	88 35       	cpi	r24, 0x58	; 88
    15bc:	79 f0       	breq	.+30     	; 0x15dc <vfprintf+0x260>
    15be:	b5 c0       	rjmp	.+362    	; 0x172a <vfprintf+0x3ae>
    15c0:	80 37       	cpi	r24, 0x70	; 112
    15c2:	19 f0       	breq	.+6      	; 0x15ca <vfprintf+0x24e>
    15c4:	88 37       	cpi	r24, 0x78	; 120
    15c6:	21 f0       	breq	.+8      	; 0x15d0 <vfprintf+0x254>
    15c8:	b0 c0       	rjmp	.+352    	; 0x172a <vfprintf+0x3ae>
    15ca:	e9 2f       	mov	r30, r25
    15cc:	e0 61       	ori	r30, 0x10	; 16
    15ce:	be 2e       	mov	r11, r30
    15d0:	b4 fe       	sbrs	r11, 4
    15d2:	0d c0       	rjmp	.+26     	; 0x15ee <vfprintf+0x272>
    15d4:	fb 2d       	mov	r31, r11
    15d6:	f4 60       	ori	r31, 0x04	; 4
    15d8:	bf 2e       	mov	r11, r31
    15da:	09 c0       	rjmp	.+18     	; 0x15ee <vfprintf+0x272>
    15dc:	34 fe       	sbrs	r3, 4
    15de:	0a c0       	rjmp	.+20     	; 0x15f4 <vfprintf+0x278>
    15e0:	29 2f       	mov	r18, r25
    15e2:	26 60       	ori	r18, 0x06	; 6
    15e4:	b2 2e       	mov	r11, r18
    15e6:	06 c0       	rjmp	.+12     	; 0x15f4 <vfprintf+0x278>
    15e8:	28 e0       	ldi	r18, 0x08	; 8
    15ea:	30 e0       	ldi	r19, 0x00	; 0
    15ec:	05 c0       	rjmp	.+10     	; 0x15f8 <vfprintf+0x27c>
    15ee:	20 e1       	ldi	r18, 0x10	; 16
    15f0:	30 e0       	ldi	r19, 0x00	; 0
    15f2:	02 c0       	rjmp	.+4      	; 0x15f8 <vfprintf+0x27c>
    15f4:	20 e1       	ldi	r18, 0x10	; 16
    15f6:	32 e0       	ldi	r19, 0x02	; 2
    15f8:	f8 01       	movw	r30, r16
    15fa:	b7 fe       	sbrs	r11, 7
    15fc:	07 c0       	rjmp	.+14     	; 0x160c <vfprintf+0x290>
    15fe:	60 81       	ld	r22, Z
    1600:	71 81       	ldd	r23, Z+1	; 0x01
    1602:	82 81       	ldd	r24, Z+2	; 0x02
    1604:	93 81       	ldd	r25, Z+3	; 0x03
    1606:	0c 5f       	subi	r16, 0xFC	; 252
    1608:	1f 4f       	sbci	r17, 0xFF	; 255
    160a:	06 c0       	rjmp	.+12     	; 0x1618 <vfprintf+0x29c>
    160c:	60 81       	ld	r22, Z
    160e:	71 81       	ldd	r23, Z+1	; 0x01
    1610:	80 e0       	ldi	r24, 0x00	; 0
    1612:	90 e0       	ldi	r25, 0x00	; 0
    1614:	0e 5f       	subi	r16, 0xFE	; 254
    1616:	1f 4f       	sbci	r17, 0xFF	; 255
    1618:	a3 01       	movw	r20, r6
    161a:	0e 94 23 0e 	call	0x1c46	; 0x1c46 <__ultoa_invert>
    161e:	88 2e       	mov	r8, r24
    1620:	86 18       	sub	r8, r6
    1622:	fb 2d       	mov	r31, r11
    1624:	ff 77       	andi	r31, 0x7F	; 127
    1626:	3f 2e       	mov	r3, r31
    1628:	36 fe       	sbrs	r3, 6
    162a:	0d c0       	rjmp	.+26     	; 0x1646 <vfprintf+0x2ca>
    162c:	23 2d       	mov	r18, r3
    162e:	2e 7f       	andi	r18, 0xFE	; 254
    1630:	a2 2e       	mov	r10, r18
    1632:	89 14       	cp	r8, r9
    1634:	58 f4       	brcc	.+22     	; 0x164c <vfprintf+0x2d0>
    1636:	34 fe       	sbrs	r3, 4
    1638:	0b c0       	rjmp	.+22     	; 0x1650 <vfprintf+0x2d4>
    163a:	32 fc       	sbrc	r3, 2
    163c:	09 c0       	rjmp	.+18     	; 0x1650 <vfprintf+0x2d4>
    163e:	83 2d       	mov	r24, r3
    1640:	8e 7e       	andi	r24, 0xEE	; 238
    1642:	a8 2e       	mov	r10, r24
    1644:	05 c0       	rjmp	.+10     	; 0x1650 <vfprintf+0x2d4>
    1646:	b8 2c       	mov	r11, r8
    1648:	a3 2c       	mov	r10, r3
    164a:	03 c0       	rjmp	.+6      	; 0x1652 <vfprintf+0x2d6>
    164c:	b8 2c       	mov	r11, r8
    164e:	01 c0       	rjmp	.+2      	; 0x1652 <vfprintf+0x2d6>
    1650:	b9 2c       	mov	r11, r9
    1652:	a4 fe       	sbrs	r10, 4
    1654:	0f c0       	rjmp	.+30     	; 0x1674 <vfprintf+0x2f8>
    1656:	fe 01       	movw	r30, r28
    1658:	e8 0d       	add	r30, r8
    165a:	f1 1d       	adc	r31, r1
    165c:	80 81       	ld	r24, Z
    165e:	80 33       	cpi	r24, 0x30	; 48
    1660:	21 f4       	brne	.+8      	; 0x166a <vfprintf+0x2ee>
    1662:	9a 2d       	mov	r25, r10
    1664:	99 7e       	andi	r25, 0xE9	; 233
    1666:	a9 2e       	mov	r10, r25
    1668:	09 c0       	rjmp	.+18     	; 0x167c <vfprintf+0x300>
    166a:	a2 fe       	sbrs	r10, 2
    166c:	06 c0       	rjmp	.+12     	; 0x167a <vfprintf+0x2fe>
    166e:	b3 94       	inc	r11
    1670:	b3 94       	inc	r11
    1672:	04 c0       	rjmp	.+8      	; 0x167c <vfprintf+0x300>
    1674:	8a 2d       	mov	r24, r10
    1676:	86 78       	andi	r24, 0x86	; 134
    1678:	09 f0       	breq	.+2      	; 0x167c <vfprintf+0x300>
    167a:	b3 94       	inc	r11
    167c:	a3 fc       	sbrc	r10, 3
    167e:	11 c0       	rjmp	.+34     	; 0x16a2 <vfprintf+0x326>
    1680:	a0 fe       	sbrs	r10, 0
    1682:	06 c0       	rjmp	.+12     	; 0x1690 <vfprintf+0x314>
    1684:	b2 14       	cp	r11, r2
    1686:	88 f4       	brcc	.+34     	; 0x16aa <vfprintf+0x32e>
    1688:	28 0c       	add	r2, r8
    168a:	92 2c       	mov	r9, r2
    168c:	9b 18       	sub	r9, r11
    168e:	0e c0       	rjmp	.+28     	; 0x16ac <vfprintf+0x330>
    1690:	b2 14       	cp	r11, r2
    1692:	60 f4       	brcc	.+24     	; 0x16ac <vfprintf+0x330>
    1694:	b6 01       	movw	r22, r12
    1696:	80 e2       	ldi	r24, 0x20	; 32
    1698:	90 e0       	ldi	r25, 0x00	; 0
    169a:	0e 94 e7 0d 	call	0x1bce	; 0x1bce <fputc>
    169e:	b3 94       	inc	r11
    16a0:	f7 cf       	rjmp	.-18     	; 0x1690 <vfprintf+0x314>
    16a2:	b2 14       	cp	r11, r2
    16a4:	18 f4       	brcc	.+6      	; 0x16ac <vfprintf+0x330>
    16a6:	2b 18       	sub	r2, r11
    16a8:	02 c0       	rjmp	.+4      	; 0x16ae <vfprintf+0x332>
    16aa:	98 2c       	mov	r9, r8
    16ac:	21 2c       	mov	r2, r1
    16ae:	a4 fe       	sbrs	r10, 4
    16b0:	10 c0       	rjmp	.+32     	; 0x16d2 <vfprintf+0x356>
    16b2:	b6 01       	movw	r22, r12
    16b4:	80 e3       	ldi	r24, 0x30	; 48
    16b6:	90 e0       	ldi	r25, 0x00	; 0
    16b8:	0e 94 e7 0d 	call	0x1bce	; 0x1bce <fputc>
    16bc:	a2 fe       	sbrs	r10, 2
    16be:	17 c0       	rjmp	.+46     	; 0x16ee <vfprintf+0x372>
    16c0:	a1 fc       	sbrc	r10, 1
    16c2:	03 c0       	rjmp	.+6      	; 0x16ca <vfprintf+0x34e>
    16c4:	88 e7       	ldi	r24, 0x78	; 120
    16c6:	90 e0       	ldi	r25, 0x00	; 0
    16c8:	02 c0       	rjmp	.+4      	; 0x16ce <vfprintf+0x352>
    16ca:	88 e5       	ldi	r24, 0x58	; 88
    16cc:	90 e0       	ldi	r25, 0x00	; 0
    16ce:	b6 01       	movw	r22, r12
    16d0:	0c c0       	rjmp	.+24     	; 0x16ea <vfprintf+0x36e>
    16d2:	8a 2d       	mov	r24, r10
    16d4:	86 78       	andi	r24, 0x86	; 134
    16d6:	59 f0       	breq	.+22     	; 0x16ee <vfprintf+0x372>
    16d8:	a1 fe       	sbrs	r10, 1
    16da:	02 c0       	rjmp	.+4      	; 0x16e0 <vfprintf+0x364>
    16dc:	8b e2       	ldi	r24, 0x2B	; 43
    16de:	01 c0       	rjmp	.+2      	; 0x16e2 <vfprintf+0x366>
    16e0:	80 e2       	ldi	r24, 0x20	; 32
    16e2:	a7 fc       	sbrc	r10, 7
    16e4:	8d e2       	ldi	r24, 0x2D	; 45
    16e6:	b6 01       	movw	r22, r12
    16e8:	90 e0       	ldi	r25, 0x00	; 0
    16ea:	0e 94 e7 0d 	call	0x1bce	; 0x1bce <fputc>
    16ee:	89 14       	cp	r8, r9
    16f0:	38 f4       	brcc	.+14     	; 0x1700 <vfprintf+0x384>
    16f2:	b6 01       	movw	r22, r12
    16f4:	80 e3       	ldi	r24, 0x30	; 48
    16f6:	90 e0       	ldi	r25, 0x00	; 0
    16f8:	0e 94 e7 0d 	call	0x1bce	; 0x1bce <fputc>
    16fc:	9a 94       	dec	r9
    16fe:	f7 cf       	rjmp	.-18     	; 0x16ee <vfprintf+0x372>
    1700:	8a 94       	dec	r8
    1702:	f3 01       	movw	r30, r6
    1704:	e8 0d       	add	r30, r8
    1706:	f1 1d       	adc	r31, r1
    1708:	80 81       	ld	r24, Z
    170a:	b6 01       	movw	r22, r12
    170c:	90 e0       	ldi	r25, 0x00	; 0
    170e:	0e 94 e7 0d 	call	0x1bce	; 0x1bce <fputc>
    1712:	81 10       	cpse	r8, r1
    1714:	f5 cf       	rjmp	.-22     	; 0x1700 <vfprintf+0x384>
    1716:	22 20       	and	r2, r2
    1718:	09 f4       	brne	.+2      	; 0x171c <vfprintf+0x3a0>
    171a:	42 ce       	rjmp	.-892    	; 0x13a0 <vfprintf+0x24>
    171c:	b6 01       	movw	r22, r12
    171e:	80 e2       	ldi	r24, 0x20	; 32
    1720:	90 e0       	ldi	r25, 0x00	; 0
    1722:	0e 94 e7 0d 	call	0x1bce	; 0x1bce <fputc>
    1726:	2a 94       	dec	r2
    1728:	f6 cf       	rjmp	.-20     	; 0x1716 <vfprintf+0x39a>
    172a:	f6 01       	movw	r30, r12
    172c:	86 81       	ldd	r24, Z+6	; 0x06
    172e:	97 81       	ldd	r25, Z+7	; 0x07
    1730:	02 c0       	rjmp	.+4      	; 0x1736 <vfprintf+0x3ba>
    1732:	8f ef       	ldi	r24, 0xFF	; 255
    1734:	9f ef       	ldi	r25, 0xFF	; 255
    1736:	2b 96       	adiw	r28, 0x0b	; 11
    1738:	e2 e1       	ldi	r30, 0x12	; 18
    173a:	0c 94 9d 0e 	jmp	0x1d3a	; 0x1d3a <__epilogue_restores__>

0000173e <dtoa_prf>:
    173e:	a9 e0       	ldi	r26, 0x09	; 9
    1740:	b0 e0       	ldi	r27, 0x00	; 0
    1742:	e5 ea       	ldi	r30, 0xA5	; 165
    1744:	fb e0       	ldi	r31, 0x0B	; 11
    1746:	0c 94 87 0e 	jmp	0x1d0e	; 0x1d0e <__prologue_saves__+0xc>
    174a:	6a 01       	movw	r12, r20
    174c:	12 2f       	mov	r17, r18
    174e:	b0 2e       	mov	r11, r16
    1750:	2b e3       	ldi	r18, 0x3B	; 59
    1752:	20 17       	cp	r18, r16
    1754:	20 f0       	brcs	.+8      	; 0x175e <dtoa_prf+0x20>
    1756:	ff 24       	eor	r15, r15
    1758:	f3 94       	inc	r15
    175a:	f0 0e       	add	r15, r16
    175c:	02 c0       	rjmp	.+4      	; 0x1762 <dtoa_prf+0x24>
    175e:	2c e3       	ldi	r18, 0x3C	; 60
    1760:	f2 2e       	mov	r15, r18
    1762:	0f 2d       	mov	r16, r15
    1764:	27 e0       	ldi	r18, 0x07	; 7
    1766:	ae 01       	movw	r20, r28
    1768:	4f 5f       	subi	r20, 0xFF	; 255
    176a:	5f 4f       	sbci	r21, 0xFF	; 255
    176c:	0e 94 f9 0c 	call	0x19f2	; 0x19f2 <__ftoa_engine>
    1770:	bc 01       	movw	r22, r24
    1772:	49 81       	ldd	r20, Y+1	; 0x01
    1774:	84 2f       	mov	r24, r20
    1776:	89 70       	andi	r24, 0x09	; 9
    1778:	81 30       	cpi	r24, 0x01	; 1
    177a:	31 f0       	breq	.+12     	; 0x1788 <dtoa_prf+0x4a>
    177c:	e1 fc       	sbrc	r14, 1
    177e:	06 c0       	rjmp	.+12     	; 0x178c <dtoa_prf+0x4e>
    1780:	e0 fe       	sbrs	r14, 0
    1782:	06 c0       	rjmp	.+12     	; 0x1790 <dtoa_prf+0x52>
    1784:	90 e2       	ldi	r25, 0x20	; 32
    1786:	05 c0       	rjmp	.+10     	; 0x1792 <dtoa_prf+0x54>
    1788:	9d e2       	ldi	r25, 0x2D	; 45
    178a:	03 c0       	rjmp	.+6      	; 0x1792 <dtoa_prf+0x54>
    178c:	9b e2       	ldi	r25, 0x2B	; 43
    178e:	01 c0       	rjmp	.+2      	; 0x1792 <dtoa_prf+0x54>
    1790:	90 e0       	ldi	r25, 0x00	; 0
    1792:	5e 2d       	mov	r21, r14
    1794:	50 71       	andi	r21, 0x10	; 16
    1796:	43 ff       	sbrs	r20, 3
    1798:	3c c0       	rjmp	.+120    	; 0x1812 <dtoa_prf+0xd4>
    179a:	91 11       	cpse	r25, r1
    179c:	02 c0       	rjmp	.+4      	; 0x17a2 <dtoa_prf+0x64>
    179e:	83 e0       	ldi	r24, 0x03	; 3
    17a0:	01 c0       	rjmp	.+2      	; 0x17a4 <dtoa_prf+0x66>
    17a2:	84 e0       	ldi	r24, 0x04	; 4
    17a4:	81 17       	cp	r24, r17
    17a6:	18 f4       	brcc	.+6      	; 0x17ae <dtoa_prf+0x70>
    17a8:	21 2f       	mov	r18, r17
    17aa:	28 1b       	sub	r18, r24
    17ac:	01 c0       	rjmp	.+2      	; 0x17b0 <dtoa_prf+0x72>
    17ae:	20 e0       	ldi	r18, 0x00	; 0
    17b0:	51 11       	cpse	r21, r1
    17b2:	0b c0       	rjmp	.+22     	; 0x17ca <dtoa_prf+0x8c>
    17b4:	f6 01       	movw	r30, r12
    17b6:	82 2f       	mov	r24, r18
    17b8:	30 e2       	ldi	r19, 0x20	; 32
    17ba:	88 23       	and	r24, r24
    17bc:	19 f0       	breq	.+6      	; 0x17c4 <dtoa_prf+0x86>
    17be:	31 93       	st	Z+, r19
    17c0:	81 50       	subi	r24, 0x01	; 1
    17c2:	fb cf       	rjmp	.-10     	; 0x17ba <dtoa_prf+0x7c>
    17c4:	c2 0e       	add	r12, r18
    17c6:	d1 1c       	adc	r13, r1
    17c8:	20 e0       	ldi	r18, 0x00	; 0
    17ca:	99 23       	and	r25, r25
    17cc:	29 f0       	breq	.+10     	; 0x17d8 <dtoa_prf+0x9a>
    17ce:	d6 01       	movw	r26, r12
    17d0:	9c 93       	st	X, r25
    17d2:	f6 01       	movw	r30, r12
    17d4:	31 96       	adiw	r30, 0x01	; 1
    17d6:	6f 01       	movw	r12, r30
    17d8:	c6 01       	movw	r24, r12
    17da:	03 96       	adiw	r24, 0x03	; 3
    17dc:	e2 fe       	sbrs	r14, 2
    17de:	0a c0       	rjmp	.+20     	; 0x17f4 <dtoa_prf+0xb6>
    17e0:	3e e4       	ldi	r19, 0x4E	; 78
    17e2:	d6 01       	movw	r26, r12
    17e4:	3c 93       	st	X, r19
    17e6:	41 e4       	ldi	r20, 0x41	; 65
    17e8:	11 96       	adiw	r26, 0x01	; 1
    17ea:	4c 93       	st	X, r20
    17ec:	11 97       	sbiw	r26, 0x01	; 1
    17ee:	12 96       	adiw	r26, 0x02	; 2
    17f0:	3c 93       	st	X, r19
    17f2:	06 c0       	rjmp	.+12     	; 0x1800 <dtoa_prf+0xc2>
    17f4:	3e e6       	ldi	r19, 0x6E	; 110
    17f6:	f6 01       	movw	r30, r12
    17f8:	30 83       	st	Z, r19
    17fa:	41 e6       	ldi	r20, 0x61	; 97
    17fc:	41 83       	std	Z+1, r20	; 0x01
    17fe:	32 83       	std	Z+2, r19	; 0x02
    1800:	fc 01       	movw	r30, r24
    1802:	32 2f       	mov	r19, r18
    1804:	40 e2       	ldi	r20, 0x20	; 32
    1806:	33 23       	and	r19, r19
    1808:	09 f4       	brne	.+2      	; 0x180c <dtoa_prf+0xce>
    180a:	42 c0       	rjmp	.+132    	; 0x1890 <dtoa_prf+0x152>
    180c:	41 93       	st	Z+, r20
    180e:	31 50       	subi	r19, 0x01	; 1
    1810:	fa cf       	rjmp	.-12     	; 0x1806 <dtoa_prf+0xc8>
    1812:	42 ff       	sbrs	r20, 2
    1814:	44 c0       	rjmp	.+136    	; 0x189e <dtoa_prf+0x160>
    1816:	91 11       	cpse	r25, r1
    1818:	02 c0       	rjmp	.+4      	; 0x181e <dtoa_prf+0xe0>
    181a:	83 e0       	ldi	r24, 0x03	; 3
    181c:	01 c0       	rjmp	.+2      	; 0x1820 <dtoa_prf+0xe2>
    181e:	84 e0       	ldi	r24, 0x04	; 4
    1820:	81 17       	cp	r24, r17
    1822:	18 f4       	brcc	.+6      	; 0x182a <dtoa_prf+0xec>
    1824:	21 2f       	mov	r18, r17
    1826:	28 1b       	sub	r18, r24
    1828:	01 c0       	rjmp	.+2      	; 0x182c <dtoa_prf+0xee>
    182a:	20 e0       	ldi	r18, 0x00	; 0
    182c:	51 11       	cpse	r21, r1
    182e:	0b c0       	rjmp	.+22     	; 0x1846 <dtoa_prf+0x108>
    1830:	f6 01       	movw	r30, r12
    1832:	82 2f       	mov	r24, r18
    1834:	30 e2       	ldi	r19, 0x20	; 32
    1836:	88 23       	and	r24, r24
    1838:	19 f0       	breq	.+6      	; 0x1840 <dtoa_prf+0x102>
    183a:	31 93       	st	Z+, r19
    183c:	81 50       	subi	r24, 0x01	; 1
    183e:	fb cf       	rjmp	.-10     	; 0x1836 <dtoa_prf+0xf8>
    1840:	c2 0e       	add	r12, r18
    1842:	d1 1c       	adc	r13, r1
    1844:	20 e0       	ldi	r18, 0x00	; 0
    1846:	99 23       	and	r25, r25
    1848:	29 f0       	breq	.+10     	; 0x1854 <dtoa_prf+0x116>
    184a:	d6 01       	movw	r26, r12
    184c:	9c 93       	st	X, r25
    184e:	f6 01       	movw	r30, r12
    1850:	31 96       	adiw	r30, 0x01	; 1
    1852:	6f 01       	movw	r12, r30
    1854:	c6 01       	movw	r24, r12
    1856:	03 96       	adiw	r24, 0x03	; 3
    1858:	e2 fe       	sbrs	r14, 2
    185a:	0b c0       	rjmp	.+22     	; 0x1872 <dtoa_prf+0x134>
    185c:	39 e4       	ldi	r19, 0x49	; 73
    185e:	d6 01       	movw	r26, r12
    1860:	3c 93       	st	X, r19
    1862:	3e e4       	ldi	r19, 0x4E	; 78
    1864:	11 96       	adiw	r26, 0x01	; 1
    1866:	3c 93       	st	X, r19
    1868:	11 97       	sbiw	r26, 0x01	; 1
    186a:	36 e4       	ldi	r19, 0x46	; 70
    186c:	12 96       	adiw	r26, 0x02	; 2
    186e:	3c 93       	st	X, r19
    1870:	07 c0       	rjmp	.+14     	; 0x1880 <dtoa_prf+0x142>
    1872:	39 e6       	ldi	r19, 0x69	; 105
    1874:	f6 01       	movw	r30, r12
    1876:	30 83       	st	Z, r19
    1878:	3e e6       	ldi	r19, 0x6E	; 110
    187a:	31 83       	std	Z+1, r19	; 0x01
    187c:	36 e6       	ldi	r19, 0x66	; 102
    187e:	32 83       	std	Z+2, r19	; 0x02
    1880:	fc 01       	movw	r30, r24
    1882:	32 2f       	mov	r19, r18
    1884:	40 e2       	ldi	r20, 0x20	; 32
    1886:	33 23       	and	r19, r19
    1888:	19 f0       	breq	.+6      	; 0x1890 <dtoa_prf+0x152>
    188a:	41 93       	st	Z+, r20
    188c:	31 50       	subi	r19, 0x01	; 1
    188e:	fb cf       	rjmp	.-10     	; 0x1886 <dtoa_prf+0x148>
    1890:	fc 01       	movw	r30, r24
    1892:	e2 0f       	add	r30, r18
    1894:	f1 1d       	adc	r31, r1
    1896:	10 82       	st	Z, r1
    1898:	8e ef       	ldi	r24, 0xFE	; 254
    189a:	9f ef       	ldi	r25, 0xFF	; 255
    189c:	a6 c0       	rjmp	.+332    	; 0x19ea <dtoa_prf+0x2ac>
    189e:	21 e0       	ldi	r18, 0x01	; 1
    18a0:	30 e0       	ldi	r19, 0x00	; 0
    18a2:	91 11       	cpse	r25, r1
    18a4:	02 c0       	rjmp	.+4      	; 0x18aa <dtoa_prf+0x16c>
    18a6:	20 e0       	ldi	r18, 0x00	; 0
    18a8:	30 e0       	ldi	r19, 0x00	; 0
    18aa:	16 16       	cp	r1, r22
    18ac:	17 06       	cpc	r1, r23
    18ae:	1c f4       	brge	.+6      	; 0x18b6 <dtoa_prf+0x178>
    18b0:	fb 01       	movw	r30, r22
    18b2:	31 96       	adiw	r30, 0x01	; 1
    18b4:	02 c0       	rjmp	.+4      	; 0x18ba <dtoa_prf+0x17c>
    18b6:	e1 e0       	ldi	r30, 0x01	; 1
    18b8:	f0 e0       	ldi	r31, 0x00	; 0
    18ba:	2e 0f       	add	r18, r30
    18bc:	3f 1f       	adc	r19, r31
    18be:	bb 20       	and	r11, r11
    18c0:	21 f0       	breq	.+8      	; 0x18ca <dtoa_prf+0x18c>
    18c2:	eb 2d       	mov	r30, r11
    18c4:	f0 e0       	ldi	r31, 0x00	; 0
    18c6:	31 96       	adiw	r30, 0x01	; 1
    18c8:	02 c0       	rjmp	.+4      	; 0x18ce <dtoa_prf+0x190>
    18ca:	e0 e0       	ldi	r30, 0x00	; 0
    18cc:	f0 e0       	ldi	r31, 0x00	; 0
    18ce:	2e 0f       	add	r18, r30
    18d0:	3f 1f       	adc	r19, r31
    18d2:	e1 2f       	mov	r30, r17
    18d4:	f0 e0       	ldi	r31, 0x00	; 0
    18d6:	2e 17       	cp	r18, r30
    18d8:	3f 07       	cpc	r19, r31
    18da:	1c f4       	brge	.+6      	; 0x18e2 <dtoa_prf+0x1a4>
    18dc:	12 1b       	sub	r17, r18
    18de:	21 2f       	mov	r18, r17
    18e0:	01 c0       	rjmp	.+2      	; 0x18e4 <dtoa_prf+0x1a6>
    18e2:	20 e0       	ldi	r18, 0x00	; 0
    18e4:	8e 2d       	mov	r24, r14
    18e6:	88 71       	andi	r24, 0x18	; 24
    18e8:	59 f4       	brne	.+22     	; 0x1900 <dtoa_prf+0x1c2>
    18ea:	f6 01       	movw	r30, r12
    18ec:	82 2f       	mov	r24, r18
    18ee:	30 e2       	ldi	r19, 0x20	; 32
    18f0:	88 23       	and	r24, r24
    18f2:	19 f0       	breq	.+6      	; 0x18fa <dtoa_prf+0x1bc>
    18f4:	31 93       	st	Z+, r19
    18f6:	81 50       	subi	r24, 0x01	; 1
    18f8:	fb cf       	rjmp	.-10     	; 0x18f0 <dtoa_prf+0x1b2>
    18fa:	c2 0e       	add	r12, r18
    18fc:	d1 1c       	adc	r13, r1
    18fe:	20 e0       	ldi	r18, 0x00	; 0
    1900:	99 23       	and	r25, r25
    1902:	29 f0       	breq	.+10     	; 0x190e <dtoa_prf+0x1d0>
    1904:	d6 01       	movw	r26, r12
    1906:	9c 93       	st	X, r25
    1908:	f6 01       	movw	r30, r12
    190a:	31 96       	adiw	r30, 0x01	; 1
    190c:	6f 01       	movw	r12, r30
    190e:	51 11       	cpse	r21, r1
    1910:	0b c0       	rjmp	.+22     	; 0x1928 <dtoa_prf+0x1ea>
    1912:	f6 01       	movw	r30, r12
    1914:	82 2f       	mov	r24, r18
    1916:	90 e3       	ldi	r25, 0x30	; 48
    1918:	88 23       	and	r24, r24
    191a:	19 f0       	breq	.+6      	; 0x1922 <dtoa_prf+0x1e4>
    191c:	91 93       	st	Z+, r25
    191e:	81 50       	subi	r24, 0x01	; 1
    1920:	fb cf       	rjmp	.-10     	; 0x1918 <dtoa_prf+0x1da>
    1922:	c2 0e       	add	r12, r18
    1924:	d1 1c       	adc	r13, r1
    1926:	20 e0       	ldi	r18, 0x00	; 0
    1928:	0f 2d       	mov	r16, r15
    192a:	06 0f       	add	r16, r22
    192c:	9a 81       	ldd	r25, Y+2	; 0x02
    192e:	34 2f       	mov	r19, r20
    1930:	30 71       	andi	r19, 0x10	; 16
    1932:	44 ff       	sbrs	r20, 4
    1934:	03 c0       	rjmp	.+6      	; 0x193c <dtoa_prf+0x1fe>
    1936:	91 33       	cpi	r25, 0x31	; 49
    1938:	09 f4       	brne	.+2      	; 0x193c <dtoa_prf+0x1fe>
    193a:	01 50       	subi	r16, 0x01	; 1
    193c:	10 16       	cp	r1, r16
    193e:	24 f4       	brge	.+8      	; 0x1948 <dtoa_prf+0x20a>
    1940:	09 30       	cpi	r16, 0x09	; 9
    1942:	18 f0       	brcs	.+6      	; 0x194a <dtoa_prf+0x20c>
    1944:	08 e0       	ldi	r16, 0x08	; 8
    1946:	01 c0       	rjmp	.+2      	; 0x194a <dtoa_prf+0x20c>
    1948:	01 e0       	ldi	r16, 0x01	; 1
    194a:	ab 01       	movw	r20, r22
    194c:	77 ff       	sbrs	r23, 7
    194e:	02 c0       	rjmp	.+4      	; 0x1954 <dtoa_prf+0x216>
    1950:	40 e0       	ldi	r20, 0x00	; 0
    1952:	50 e0       	ldi	r21, 0x00	; 0
    1954:	fb 01       	movw	r30, r22
    1956:	e4 1b       	sub	r30, r20
    1958:	f5 0b       	sbc	r31, r21
    195a:	a1 e0       	ldi	r26, 0x01	; 1
    195c:	b0 e0       	ldi	r27, 0x00	; 0
    195e:	ac 0f       	add	r26, r28
    1960:	bd 1f       	adc	r27, r29
    1962:	ea 0f       	add	r30, r26
    1964:	fb 1f       	adc	r31, r27
    1966:	8e e2       	ldi	r24, 0x2E	; 46
    1968:	a8 2e       	mov	r10, r24
    196a:	4b 01       	movw	r8, r22
    196c:	80 1a       	sub	r8, r16
    196e:	91 08       	sbc	r9, r1
    1970:	0b 2d       	mov	r16, r11
    1972:	10 e0       	ldi	r17, 0x00	; 0
    1974:	11 95       	neg	r17
    1976:	01 95       	neg	r16
    1978:	11 09       	sbc	r17, r1
    197a:	4f 3f       	cpi	r20, 0xFF	; 255
    197c:	bf ef       	ldi	r27, 0xFF	; 255
    197e:	5b 07       	cpc	r21, r27
    1980:	21 f4       	brne	.+8      	; 0x198a <dtoa_prf+0x24c>
    1982:	d6 01       	movw	r26, r12
    1984:	ac 92       	st	X, r10
    1986:	11 96       	adiw	r26, 0x01	; 1
    1988:	6d 01       	movw	r12, r26
    198a:	64 17       	cp	r22, r20
    198c:	75 07       	cpc	r23, r21
    198e:	2c f0       	brlt	.+10     	; 0x199a <dtoa_prf+0x25c>
    1990:	84 16       	cp	r8, r20
    1992:	95 06       	cpc	r9, r21
    1994:	14 f4       	brge	.+4      	; 0x199a <dtoa_prf+0x25c>
    1996:	81 81       	ldd	r24, Z+1	; 0x01
    1998:	01 c0       	rjmp	.+2      	; 0x199c <dtoa_prf+0x25e>
    199a:	80 e3       	ldi	r24, 0x30	; 48
    199c:	41 50       	subi	r20, 0x01	; 1
    199e:	51 09       	sbc	r21, r1
    19a0:	31 96       	adiw	r30, 0x01	; 1
    19a2:	d6 01       	movw	r26, r12
    19a4:	11 96       	adiw	r26, 0x01	; 1
    19a6:	7d 01       	movw	r14, r26
    19a8:	40 17       	cp	r20, r16
    19aa:	51 07       	cpc	r21, r17
    19ac:	24 f0       	brlt	.+8      	; 0x19b6 <dtoa_prf+0x278>
    19ae:	d6 01       	movw	r26, r12
    19b0:	8c 93       	st	X, r24
    19b2:	67 01       	movw	r12, r14
    19b4:	e2 cf       	rjmp	.-60     	; 0x197a <dtoa_prf+0x23c>
    19b6:	64 17       	cp	r22, r20
    19b8:	75 07       	cpc	r23, r21
    19ba:	39 f4       	brne	.+14     	; 0x19ca <dtoa_prf+0x28c>
    19bc:	96 33       	cpi	r25, 0x36	; 54
    19be:	20 f4       	brcc	.+8      	; 0x19c8 <dtoa_prf+0x28a>
    19c0:	95 33       	cpi	r25, 0x35	; 53
    19c2:	19 f4       	brne	.+6      	; 0x19ca <dtoa_prf+0x28c>
    19c4:	31 11       	cpse	r19, r1
    19c6:	01 c0       	rjmp	.+2      	; 0x19ca <dtoa_prf+0x28c>
    19c8:	81 e3       	ldi	r24, 0x31	; 49
    19ca:	f6 01       	movw	r30, r12
    19cc:	80 83       	st	Z, r24
    19ce:	f7 01       	movw	r30, r14
    19d0:	82 2f       	mov	r24, r18
    19d2:	90 e2       	ldi	r25, 0x20	; 32
    19d4:	88 23       	and	r24, r24
    19d6:	19 f0       	breq	.+6      	; 0x19de <dtoa_prf+0x2a0>
    19d8:	91 93       	st	Z+, r25
    19da:	81 50       	subi	r24, 0x01	; 1
    19dc:	fb cf       	rjmp	.-10     	; 0x19d4 <dtoa_prf+0x296>
    19de:	f7 01       	movw	r30, r14
    19e0:	e2 0f       	add	r30, r18
    19e2:	f1 1d       	adc	r31, r1
    19e4:	10 82       	st	Z, r1
    19e6:	80 e0       	ldi	r24, 0x00	; 0
    19e8:	90 e0       	ldi	r25, 0x00	; 0
    19ea:	29 96       	adiw	r28, 0x09	; 9
    19ec:	ec e0       	ldi	r30, 0x0C	; 12
    19ee:	0c 94 a3 0e 	jmp	0x1d46	; 0x1d46 <__epilogue_restores__+0xc>

000019f2 <__ftoa_engine>:
    19f2:	28 30       	cpi	r18, 0x08	; 8
    19f4:	08 f0       	brcs	.+2      	; 0x19f8 <__ftoa_engine+0x6>
    19f6:	27 e0       	ldi	r18, 0x07	; 7
    19f8:	33 27       	eor	r19, r19
    19fa:	da 01       	movw	r26, r20
    19fc:	99 0f       	add	r25, r25
    19fe:	31 1d       	adc	r19, r1
    1a00:	87 fd       	sbrc	r24, 7
    1a02:	91 60       	ori	r25, 0x01	; 1
    1a04:	00 96       	adiw	r24, 0x00	; 0
    1a06:	61 05       	cpc	r22, r1
    1a08:	71 05       	cpc	r23, r1
    1a0a:	39 f4       	brne	.+14     	; 0x1a1a <__ftoa_engine+0x28>
    1a0c:	32 60       	ori	r19, 0x02	; 2
    1a0e:	2e 5f       	subi	r18, 0xFE	; 254
    1a10:	3d 93       	st	X+, r19
    1a12:	30 e3       	ldi	r19, 0x30	; 48
    1a14:	2a 95       	dec	r18
    1a16:	e1 f7       	brne	.-8      	; 0x1a10 <__ftoa_engine+0x1e>
    1a18:	08 95       	ret
    1a1a:	9f 3f       	cpi	r25, 0xFF	; 255
    1a1c:	30 f0       	brcs	.+12     	; 0x1a2a <__ftoa_engine+0x38>
    1a1e:	80 38       	cpi	r24, 0x80	; 128
    1a20:	71 05       	cpc	r23, r1
    1a22:	61 05       	cpc	r22, r1
    1a24:	09 f0       	breq	.+2      	; 0x1a28 <__ftoa_engine+0x36>
    1a26:	3c 5f       	subi	r19, 0xFC	; 252
    1a28:	3c 5f       	subi	r19, 0xFC	; 252
    1a2a:	3d 93       	st	X+, r19
    1a2c:	91 30       	cpi	r25, 0x01	; 1
    1a2e:	08 f0       	brcs	.+2      	; 0x1a32 <__ftoa_engine+0x40>
    1a30:	80 68       	ori	r24, 0x80	; 128
    1a32:	91 1d       	adc	r25, r1
    1a34:	df 93       	push	r29
    1a36:	cf 93       	push	r28
    1a38:	1f 93       	push	r17
    1a3a:	0f 93       	push	r16
    1a3c:	ff 92       	push	r15
    1a3e:	ef 92       	push	r14
    1a40:	19 2f       	mov	r17, r25
    1a42:	98 7f       	andi	r25, 0xF8	; 248
    1a44:	96 95       	lsr	r25
    1a46:	e9 2f       	mov	r30, r25
    1a48:	96 95       	lsr	r25
    1a4a:	96 95       	lsr	r25
    1a4c:	e9 0f       	add	r30, r25
    1a4e:	ff 27       	eor	r31, r31
    1a50:	ee 53       	subi	r30, 0x3E	; 62
    1a52:	ff 4f       	sbci	r31, 0xFF	; 255
    1a54:	99 27       	eor	r25, r25
    1a56:	33 27       	eor	r19, r19
    1a58:	ee 24       	eor	r14, r14
    1a5a:	ff 24       	eor	r15, r15
    1a5c:	a7 01       	movw	r20, r14
    1a5e:	e7 01       	movw	r28, r14
    1a60:	05 90       	lpm	r0, Z+
    1a62:	08 94       	sec
    1a64:	07 94       	ror	r0
    1a66:	28 f4       	brcc	.+10     	; 0x1a72 <__ftoa_engine+0x80>
    1a68:	36 0f       	add	r19, r22
    1a6a:	e7 1e       	adc	r14, r23
    1a6c:	f8 1e       	adc	r15, r24
    1a6e:	49 1f       	adc	r20, r25
    1a70:	51 1d       	adc	r21, r1
    1a72:	66 0f       	add	r22, r22
    1a74:	77 1f       	adc	r23, r23
    1a76:	88 1f       	adc	r24, r24
    1a78:	99 1f       	adc	r25, r25
    1a7a:	06 94       	lsr	r0
    1a7c:	a1 f7       	brne	.-24     	; 0x1a66 <__ftoa_engine+0x74>
    1a7e:	05 90       	lpm	r0, Z+
    1a80:	07 94       	ror	r0
    1a82:	28 f4       	brcc	.+10     	; 0x1a8e <__ftoa_engine+0x9c>
    1a84:	e7 0e       	add	r14, r23
    1a86:	f8 1e       	adc	r15, r24
    1a88:	49 1f       	adc	r20, r25
    1a8a:	56 1f       	adc	r21, r22
    1a8c:	c1 1d       	adc	r28, r1
    1a8e:	77 0f       	add	r23, r23
    1a90:	88 1f       	adc	r24, r24
    1a92:	99 1f       	adc	r25, r25
    1a94:	66 1f       	adc	r22, r22
    1a96:	06 94       	lsr	r0
    1a98:	a1 f7       	brne	.-24     	; 0x1a82 <__ftoa_engine+0x90>
    1a9a:	05 90       	lpm	r0, Z+
    1a9c:	07 94       	ror	r0
    1a9e:	28 f4       	brcc	.+10     	; 0x1aaa <__ftoa_engine+0xb8>
    1aa0:	f8 0e       	add	r15, r24
    1aa2:	49 1f       	adc	r20, r25
    1aa4:	56 1f       	adc	r21, r22
    1aa6:	c7 1f       	adc	r28, r23
    1aa8:	d1 1d       	adc	r29, r1
    1aaa:	88 0f       	add	r24, r24
    1aac:	99 1f       	adc	r25, r25
    1aae:	66 1f       	adc	r22, r22
    1ab0:	77 1f       	adc	r23, r23
    1ab2:	06 94       	lsr	r0
    1ab4:	a1 f7       	brne	.-24     	; 0x1a9e <__ftoa_engine+0xac>
    1ab6:	05 90       	lpm	r0, Z+
    1ab8:	07 94       	ror	r0
    1aba:	20 f4       	brcc	.+8      	; 0x1ac4 <__ftoa_engine+0xd2>
    1abc:	49 0f       	add	r20, r25
    1abe:	56 1f       	adc	r21, r22
    1ac0:	c7 1f       	adc	r28, r23
    1ac2:	d8 1f       	adc	r29, r24
    1ac4:	99 0f       	add	r25, r25
    1ac6:	66 1f       	adc	r22, r22
    1ac8:	77 1f       	adc	r23, r23
    1aca:	88 1f       	adc	r24, r24
    1acc:	06 94       	lsr	r0
    1ace:	a9 f7       	brne	.-22     	; 0x1aba <__ftoa_engine+0xc8>
    1ad0:	84 91       	lpm	r24, Z
    1ad2:	10 95       	com	r17
    1ad4:	17 70       	andi	r17, 0x07	; 7
    1ad6:	41 f0       	breq	.+16     	; 0x1ae8 <__ftoa_engine+0xf6>
    1ad8:	d6 95       	lsr	r29
    1ada:	c7 95       	ror	r28
    1adc:	57 95       	ror	r21
    1ade:	47 95       	ror	r20
    1ae0:	f7 94       	ror	r15
    1ae2:	e7 94       	ror	r14
    1ae4:	1a 95       	dec	r17
    1ae6:	c1 f7       	brne	.-16     	; 0x1ad8 <__ftoa_engine+0xe6>
    1ae8:	e8 e6       	ldi	r30, 0x68	; 104
    1aea:	f0 e0       	ldi	r31, 0x00	; 0
    1aec:	68 94       	set
    1aee:	15 90       	lpm	r1, Z+
    1af0:	15 91       	lpm	r17, Z+
    1af2:	35 91       	lpm	r19, Z+
    1af4:	65 91       	lpm	r22, Z+
    1af6:	95 91       	lpm	r25, Z+
    1af8:	05 90       	lpm	r0, Z+
    1afa:	7f e2       	ldi	r23, 0x2F	; 47
    1afc:	73 95       	inc	r23
    1afe:	e1 18       	sub	r14, r1
    1b00:	f1 0a       	sbc	r15, r17
    1b02:	43 0b       	sbc	r20, r19
    1b04:	56 0b       	sbc	r21, r22
    1b06:	c9 0b       	sbc	r28, r25
    1b08:	d0 09       	sbc	r29, r0
    1b0a:	c0 f7       	brcc	.-16     	; 0x1afc <__ftoa_engine+0x10a>
    1b0c:	e1 0c       	add	r14, r1
    1b0e:	f1 1e       	adc	r15, r17
    1b10:	43 1f       	adc	r20, r19
    1b12:	56 1f       	adc	r21, r22
    1b14:	c9 1f       	adc	r28, r25
    1b16:	d0 1d       	adc	r29, r0
    1b18:	7e f4       	brtc	.+30     	; 0x1b38 <__ftoa_engine+0x146>
    1b1a:	70 33       	cpi	r23, 0x30	; 48
    1b1c:	11 f4       	brne	.+4      	; 0x1b22 <__ftoa_engine+0x130>
    1b1e:	8a 95       	dec	r24
    1b20:	e6 cf       	rjmp	.-52     	; 0x1aee <__ftoa_engine+0xfc>
    1b22:	e8 94       	clt
    1b24:	01 50       	subi	r16, 0x01	; 1
    1b26:	30 f0       	brcs	.+12     	; 0x1b34 <__ftoa_engine+0x142>
    1b28:	08 0f       	add	r16, r24
    1b2a:	0a f4       	brpl	.+2      	; 0x1b2e <__ftoa_engine+0x13c>
    1b2c:	00 27       	eor	r16, r16
    1b2e:	02 17       	cp	r16, r18
    1b30:	08 f4       	brcc	.+2      	; 0x1b34 <__ftoa_engine+0x142>
    1b32:	20 2f       	mov	r18, r16
    1b34:	23 95       	inc	r18
    1b36:	02 2f       	mov	r16, r18
    1b38:	7a 33       	cpi	r23, 0x3A	; 58
    1b3a:	28 f0       	brcs	.+10     	; 0x1b46 <__ftoa_engine+0x154>
    1b3c:	79 e3       	ldi	r23, 0x39	; 57
    1b3e:	7d 93       	st	X+, r23
    1b40:	2a 95       	dec	r18
    1b42:	e9 f7       	brne	.-6      	; 0x1b3e <__ftoa_engine+0x14c>
    1b44:	10 c0       	rjmp	.+32     	; 0x1b66 <__ftoa_engine+0x174>
    1b46:	7d 93       	st	X+, r23
    1b48:	2a 95       	dec	r18
    1b4a:	89 f6       	brne	.-94     	; 0x1aee <__ftoa_engine+0xfc>
    1b4c:	06 94       	lsr	r0
    1b4e:	97 95       	ror	r25
    1b50:	67 95       	ror	r22
    1b52:	37 95       	ror	r19
    1b54:	17 95       	ror	r17
    1b56:	17 94       	ror	r1
    1b58:	e1 18       	sub	r14, r1
    1b5a:	f1 0a       	sbc	r15, r17
    1b5c:	43 0b       	sbc	r20, r19
    1b5e:	56 0b       	sbc	r21, r22
    1b60:	c9 0b       	sbc	r28, r25
    1b62:	d0 09       	sbc	r29, r0
    1b64:	98 f0       	brcs	.+38     	; 0x1b8c <__ftoa_engine+0x19a>
    1b66:	23 95       	inc	r18
    1b68:	7e 91       	ld	r23, -X
    1b6a:	73 95       	inc	r23
    1b6c:	7a 33       	cpi	r23, 0x3A	; 58
    1b6e:	08 f0       	brcs	.+2      	; 0x1b72 <__ftoa_engine+0x180>
    1b70:	70 e3       	ldi	r23, 0x30	; 48
    1b72:	7c 93       	st	X, r23
    1b74:	20 13       	cpse	r18, r16
    1b76:	b8 f7       	brcc	.-18     	; 0x1b66 <__ftoa_engine+0x174>
    1b78:	7e 91       	ld	r23, -X
    1b7a:	70 61       	ori	r23, 0x10	; 16
    1b7c:	7d 93       	st	X+, r23
    1b7e:	30 f0       	brcs	.+12     	; 0x1b8c <__ftoa_engine+0x19a>
    1b80:	83 95       	inc	r24
    1b82:	71 e3       	ldi	r23, 0x31	; 49
    1b84:	7d 93       	st	X+, r23
    1b86:	70 e3       	ldi	r23, 0x30	; 48
    1b88:	2a 95       	dec	r18
    1b8a:	e1 f7       	brne	.-8      	; 0x1b84 <__ftoa_engine+0x192>
    1b8c:	11 24       	eor	r1, r1
    1b8e:	ef 90       	pop	r14
    1b90:	ff 90       	pop	r15
    1b92:	0f 91       	pop	r16
    1b94:	1f 91       	pop	r17
    1b96:	cf 91       	pop	r28
    1b98:	df 91       	pop	r29
    1b9a:	99 27       	eor	r25, r25
    1b9c:	87 fd       	sbrc	r24, 7
    1b9e:	90 95       	com	r25
    1ba0:	08 95       	ret

00001ba2 <strnlen_P>:
    1ba2:	fc 01       	movw	r30, r24
    1ba4:	05 90       	lpm	r0, Z+
    1ba6:	61 50       	subi	r22, 0x01	; 1
    1ba8:	70 40       	sbci	r23, 0x00	; 0
    1baa:	01 10       	cpse	r0, r1
    1bac:	d8 f7       	brcc	.-10     	; 0x1ba4 <strnlen_P+0x2>
    1bae:	80 95       	com	r24
    1bb0:	90 95       	com	r25
    1bb2:	8e 0f       	add	r24, r30
    1bb4:	9f 1f       	adc	r25, r31
    1bb6:	08 95       	ret

00001bb8 <strnlen>:
    1bb8:	fc 01       	movw	r30, r24
    1bba:	61 50       	subi	r22, 0x01	; 1
    1bbc:	70 40       	sbci	r23, 0x00	; 0
    1bbe:	01 90       	ld	r0, Z+
    1bc0:	01 10       	cpse	r0, r1
    1bc2:	d8 f7       	brcc	.-10     	; 0x1bba <strnlen+0x2>
    1bc4:	80 95       	com	r24
    1bc6:	90 95       	com	r25
    1bc8:	8e 0f       	add	r24, r30
    1bca:	9f 1f       	adc	r25, r31
    1bcc:	08 95       	ret

00001bce <fputc>:
    1bce:	0f 93       	push	r16
    1bd0:	1f 93       	push	r17
    1bd2:	cf 93       	push	r28
    1bd4:	df 93       	push	r29
    1bd6:	fb 01       	movw	r30, r22
    1bd8:	23 81       	ldd	r18, Z+3	; 0x03
    1bda:	21 fd       	sbrc	r18, 1
    1bdc:	03 c0       	rjmp	.+6      	; 0x1be4 <fputc+0x16>
    1bde:	8f ef       	ldi	r24, 0xFF	; 255
    1be0:	9f ef       	ldi	r25, 0xFF	; 255
    1be2:	2c c0       	rjmp	.+88     	; 0x1c3c <fputc+0x6e>
    1be4:	22 ff       	sbrs	r18, 2
    1be6:	16 c0       	rjmp	.+44     	; 0x1c14 <fputc+0x46>
    1be8:	46 81       	ldd	r20, Z+6	; 0x06
    1bea:	57 81       	ldd	r21, Z+7	; 0x07
    1bec:	24 81       	ldd	r18, Z+4	; 0x04
    1bee:	35 81       	ldd	r19, Z+5	; 0x05
    1bf0:	42 17       	cp	r20, r18
    1bf2:	53 07       	cpc	r21, r19
    1bf4:	44 f4       	brge	.+16     	; 0x1c06 <fputc+0x38>
    1bf6:	a0 81       	ld	r26, Z
    1bf8:	b1 81       	ldd	r27, Z+1	; 0x01
    1bfa:	9d 01       	movw	r18, r26
    1bfc:	2f 5f       	subi	r18, 0xFF	; 255
    1bfe:	3f 4f       	sbci	r19, 0xFF	; 255
    1c00:	31 83       	std	Z+1, r19	; 0x01
    1c02:	20 83       	st	Z, r18
    1c04:	8c 93       	st	X, r24
    1c06:	26 81       	ldd	r18, Z+6	; 0x06
    1c08:	37 81       	ldd	r19, Z+7	; 0x07
    1c0a:	2f 5f       	subi	r18, 0xFF	; 255
    1c0c:	3f 4f       	sbci	r19, 0xFF	; 255
    1c0e:	37 83       	std	Z+7, r19	; 0x07
    1c10:	26 83       	std	Z+6, r18	; 0x06
    1c12:	14 c0       	rjmp	.+40     	; 0x1c3c <fputc+0x6e>
    1c14:	8b 01       	movw	r16, r22
    1c16:	ec 01       	movw	r28, r24
    1c18:	fb 01       	movw	r30, r22
    1c1a:	00 84       	ldd	r0, Z+8	; 0x08
    1c1c:	f1 85       	ldd	r31, Z+9	; 0x09
    1c1e:	e0 2d       	mov	r30, r0
    1c20:	09 95       	icall
    1c22:	89 2b       	or	r24, r25
    1c24:	e1 f6       	brne	.-72     	; 0x1bde <fputc+0x10>
    1c26:	d8 01       	movw	r26, r16
    1c28:	16 96       	adiw	r26, 0x06	; 6
    1c2a:	8d 91       	ld	r24, X+
    1c2c:	9c 91       	ld	r25, X
    1c2e:	17 97       	sbiw	r26, 0x07	; 7
    1c30:	01 96       	adiw	r24, 0x01	; 1
    1c32:	17 96       	adiw	r26, 0x07	; 7
    1c34:	9c 93       	st	X, r25
    1c36:	8e 93       	st	-X, r24
    1c38:	16 97       	sbiw	r26, 0x06	; 6
    1c3a:	ce 01       	movw	r24, r28
    1c3c:	df 91       	pop	r29
    1c3e:	cf 91       	pop	r28
    1c40:	1f 91       	pop	r17
    1c42:	0f 91       	pop	r16
    1c44:	08 95       	ret

00001c46 <__ultoa_invert>:
    1c46:	fa 01       	movw	r30, r20
    1c48:	aa 27       	eor	r26, r26
    1c4a:	28 30       	cpi	r18, 0x08	; 8
    1c4c:	51 f1       	breq	.+84     	; 0x1ca2 <__ultoa_invert+0x5c>
    1c4e:	20 31       	cpi	r18, 0x10	; 16
    1c50:	81 f1       	breq	.+96     	; 0x1cb2 <__ultoa_invert+0x6c>
    1c52:	e8 94       	clt
    1c54:	6f 93       	push	r22
    1c56:	6e 7f       	andi	r22, 0xFE	; 254
    1c58:	6e 5f       	subi	r22, 0xFE	; 254
    1c5a:	7f 4f       	sbci	r23, 0xFF	; 255
    1c5c:	8f 4f       	sbci	r24, 0xFF	; 255
    1c5e:	9f 4f       	sbci	r25, 0xFF	; 255
    1c60:	af 4f       	sbci	r26, 0xFF	; 255
    1c62:	b1 e0       	ldi	r27, 0x01	; 1
    1c64:	3e d0       	rcall	.+124    	; 0x1ce2 <__ultoa_invert+0x9c>
    1c66:	b4 e0       	ldi	r27, 0x04	; 4
    1c68:	3c d0       	rcall	.+120    	; 0x1ce2 <__ultoa_invert+0x9c>
    1c6a:	67 0f       	add	r22, r23
    1c6c:	78 1f       	adc	r23, r24
    1c6e:	89 1f       	adc	r24, r25
    1c70:	9a 1f       	adc	r25, r26
    1c72:	a1 1d       	adc	r26, r1
    1c74:	68 0f       	add	r22, r24
    1c76:	79 1f       	adc	r23, r25
    1c78:	8a 1f       	adc	r24, r26
    1c7a:	91 1d       	adc	r25, r1
    1c7c:	a1 1d       	adc	r26, r1
    1c7e:	6a 0f       	add	r22, r26
    1c80:	71 1d       	adc	r23, r1
    1c82:	81 1d       	adc	r24, r1
    1c84:	91 1d       	adc	r25, r1
    1c86:	a1 1d       	adc	r26, r1
    1c88:	20 d0       	rcall	.+64     	; 0x1cca <__ultoa_invert+0x84>
    1c8a:	09 f4       	brne	.+2      	; 0x1c8e <__ultoa_invert+0x48>
    1c8c:	68 94       	set
    1c8e:	3f 91       	pop	r19
    1c90:	2a e0       	ldi	r18, 0x0A	; 10
    1c92:	26 9f       	mul	r18, r22
    1c94:	11 24       	eor	r1, r1
    1c96:	30 19       	sub	r19, r0
    1c98:	30 5d       	subi	r19, 0xD0	; 208
    1c9a:	31 93       	st	Z+, r19
    1c9c:	de f6       	brtc	.-74     	; 0x1c54 <__ultoa_invert+0xe>
    1c9e:	cf 01       	movw	r24, r30
    1ca0:	08 95       	ret
    1ca2:	46 2f       	mov	r20, r22
    1ca4:	47 70       	andi	r20, 0x07	; 7
    1ca6:	40 5d       	subi	r20, 0xD0	; 208
    1ca8:	41 93       	st	Z+, r20
    1caa:	b3 e0       	ldi	r27, 0x03	; 3
    1cac:	0f d0       	rcall	.+30     	; 0x1ccc <__ultoa_invert+0x86>
    1cae:	c9 f7       	brne	.-14     	; 0x1ca2 <__ultoa_invert+0x5c>
    1cb0:	f6 cf       	rjmp	.-20     	; 0x1c9e <__ultoa_invert+0x58>
    1cb2:	46 2f       	mov	r20, r22
    1cb4:	4f 70       	andi	r20, 0x0F	; 15
    1cb6:	40 5d       	subi	r20, 0xD0	; 208
    1cb8:	4a 33       	cpi	r20, 0x3A	; 58
    1cba:	18 f0       	brcs	.+6      	; 0x1cc2 <__ultoa_invert+0x7c>
    1cbc:	49 5d       	subi	r20, 0xD9	; 217
    1cbe:	31 fd       	sbrc	r19, 1
    1cc0:	40 52       	subi	r20, 0x20	; 32
    1cc2:	41 93       	st	Z+, r20
    1cc4:	02 d0       	rcall	.+4      	; 0x1cca <__ultoa_invert+0x84>
    1cc6:	a9 f7       	brne	.-22     	; 0x1cb2 <__ultoa_invert+0x6c>
    1cc8:	ea cf       	rjmp	.-44     	; 0x1c9e <__ultoa_invert+0x58>
    1cca:	b4 e0       	ldi	r27, 0x04	; 4
    1ccc:	a6 95       	lsr	r26
    1cce:	97 95       	ror	r25
    1cd0:	87 95       	ror	r24
    1cd2:	77 95       	ror	r23
    1cd4:	67 95       	ror	r22
    1cd6:	ba 95       	dec	r27
    1cd8:	c9 f7       	brne	.-14     	; 0x1ccc <__ultoa_invert+0x86>
    1cda:	00 97       	sbiw	r24, 0x00	; 0
    1cdc:	61 05       	cpc	r22, r1
    1cde:	71 05       	cpc	r23, r1
    1ce0:	08 95       	ret
    1ce2:	9b 01       	movw	r18, r22
    1ce4:	ac 01       	movw	r20, r24
    1ce6:	0a 2e       	mov	r0, r26
    1ce8:	06 94       	lsr	r0
    1cea:	57 95       	ror	r21
    1cec:	47 95       	ror	r20
    1cee:	37 95       	ror	r19
    1cf0:	27 95       	ror	r18
    1cf2:	ba 95       	dec	r27
    1cf4:	c9 f7       	brne	.-14     	; 0x1ce8 <__ultoa_invert+0xa2>
    1cf6:	62 0f       	add	r22, r18
    1cf8:	73 1f       	adc	r23, r19
    1cfa:	84 1f       	adc	r24, r20
    1cfc:	95 1f       	adc	r25, r21
    1cfe:	a0 1d       	adc	r26, r0
    1d00:	08 95       	ret

00001d02 <__prologue_saves__>:
    1d02:	2f 92       	push	r2
    1d04:	3f 92       	push	r3
    1d06:	4f 92       	push	r4
    1d08:	5f 92       	push	r5
    1d0a:	6f 92       	push	r6
    1d0c:	7f 92       	push	r7
    1d0e:	8f 92       	push	r8
    1d10:	9f 92       	push	r9
    1d12:	af 92       	push	r10
    1d14:	bf 92       	push	r11
    1d16:	cf 92       	push	r12
    1d18:	df 92       	push	r13
    1d1a:	ef 92       	push	r14
    1d1c:	ff 92       	push	r15
    1d1e:	0f 93       	push	r16
    1d20:	1f 93       	push	r17
    1d22:	cf 93       	push	r28
    1d24:	df 93       	push	r29
    1d26:	cd b7       	in	r28, 0x3d	; 61
    1d28:	de b7       	in	r29, 0x3e	; 62
    1d2a:	ca 1b       	sub	r28, r26
    1d2c:	db 0b       	sbc	r29, r27
    1d2e:	0f b6       	in	r0, 0x3f	; 63
    1d30:	f8 94       	cli
    1d32:	de bf       	out	0x3e, r29	; 62
    1d34:	0f be       	out	0x3f, r0	; 63
    1d36:	cd bf       	out	0x3d, r28	; 61
    1d38:	09 94       	ijmp

00001d3a <__epilogue_restores__>:
    1d3a:	2a 88       	ldd	r2, Y+18	; 0x12
    1d3c:	39 88       	ldd	r3, Y+17	; 0x11
    1d3e:	48 88       	ldd	r4, Y+16	; 0x10
    1d40:	5f 84       	ldd	r5, Y+15	; 0x0f
    1d42:	6e 84       	ldd	r6, Y+14	; 0x0e
    1d44:	7d 84       	ldd	r7, Y+13	; 0x0d
    1d46:	8c 84       	ldd	r8, Y+12	; 0x0c
    1d48:	9b 84       	ldd	r9, Y+11	; 0x0b
    1d4a:	aa 84       	ldd	r10, Y+10	; 0x0a
    1d4c:	b9 84       	ldd	r11, Y+9	; 0x09
    1d4e:	c8 84       	ldd	r12, Y+8	; 0x08
    1d50:	df 80       	ldd	r13, Y+7	; 0x07
    1d52:	ee 80       	ldd	r14, Y+6	; 0x06
    1d54:	fd 80       	ldd	r15, Y+5	; 0x05
    1d56:	0c 81       	ldd	r16, Y+4	; 0x04
    1d58:	1b 81       	ldd	r17, Y+3	; 0x03
    1d5a:	aa 81       	ldd	r26, Y+2	; 0x02
    1d5c:	b9 81       	ldd	r27, Y+1	; 0x01
    1d5e:	ce 0f       	add	r28, r30
    1d60:	d1 1d       	adc	r29, r1
    1d62:	0f b6       	in	r0, 0x3f	; 63
    1d64:	f8 94       	cli
    1d66:	de bf       	out	0x3e, r29	; 62
    1d68:	0f be       	out	0x3f, r0	; 63
    1d6a:	cd bf       	out	0x3d, r28	; 61
    1d6c:	ed 01       	movw	r28, r26
    1d6e:	08 95       	ret

00001d70 <_exit>:
    1d70:	f8 94       	cli

00001d72 <__stop_program>:
    1d72:	ff cf       	rjmp	.-2      	; 0x1d72 <__stop_program>
